title,url,full_metadata_url
Petroleum Graticule points - WMS,https://develop.directory.data.vic.gov.au/dataset/petroleum-graticule-points-wms,None
Exploration Graticules with 100 km intervals - AGD66 - Expires 30th June 2005 - WMS,https://develop.directory.data.vic.gov.au/dataset/exploration-graticules-with-100-km-intervals-agd66-expires-30th-june-2005-wms,None
Exploration Graticules with 10 km intervals - AGD66 - Expires 30th June 2005 - WMS,https://develop.directory.data.vic.gov.au/dataset/exploration-graticules-with-10-km-intervals-agd66-expires-30th-june-2005-wms,None
Exploration Graticules with 1 km intervals - AGD66 - Expires 30th June 2005 - WMS,https://develop.directory.data.vic.gov.au/dataset/exploration-graticules-with-1-km-intervals-agd66-expires-30th-june-2005-wms,None
Coastal Acid Sulphate Soils - WMS,https://develop.directory.data.vic.gov.au/dataset/coastal-acid-sulphate-soils-wms,None
Geomorphology of Victoria - WMS,https://develop.directory.data.vic.gov.au/dataset/geomorphology-of-victoria-wms,None
Victorian Land Use Information System 2014/2015 - WMS,https://develop.directory.data.vic.gov.au/dataset/victorian-land-use-information-system-2014-2015-wms,None
Victorian Soil Type Mapping - WMS,https://develop.directory.data.vic.gov.au/dataset/victorian-soil-type-mapping-wms,None
Victorian Wetlands listed in - A Directory of Important Wetlands in Australia - WMS,https://develop.directory.data.vic.gov.au/dataset/victorian-wetlands-listed-in-a-directory-of-important-wetlands-in-australia-wms,None
Gas and Fuel Pipelines - warning 75% complete - WMS,https://develop.directory.data.vic.gov.au/dataset/gas-and-fuel-pipelines-warning-75-complete-wms,None
Current Mineral Exploration Licences - WMS,https://develop.directory.data.vic.gov.au/dataset/current-mineral-exploration-licences-wms,None
Current Mining Licences and Leases - WMS,https://develop.directory.data.vic.gov.au/dataset/current-mining-licences-and-leases-wms,None
Current Extractive Industry Tenements - WMS,https://develop.directory.data.vic.gov.au/dataset/current-extractive-industry-tenements-wms,None
Current Exploration Licence Moratorium Period Areas - WMS,https://develop.directory.data.vic.gov.au/dataset/current-exploration-licence-moratorium-period-areas-wms,None
Petroleum Tenements - Victoria - WMS,https://develop.directory.data.vic.gov.au/dataset/petroleum-tenements-victoria-wms,None
Mining Inspectorates for Minerals Regulation Branch within Minerals and Petroleum - Victoria - WMS,https://develop.directory.data.vic.gov.au/dataset/mining-inspectorates-for-minerals-regulation-branch-within-minerals-and-petroleum-victoria-wms,None
Exploration Licences that are no longer Active that expired since 1965. - WMS,https://develop.directory.data.vic.gov.au/dataset/exploration-licences-that-are-no-longer-active-that-expired-since-1965-wms,None
Expired Extractive Industry Tenements - WMS,https://develop.directory.data.vic.gov.au/dataset/expired-extractive-industry-tenements-wms,None
Petroleum Acreage Releases - WMS,https://develop.directory.data.vic.gov.au/dataset/petroleum-acreage-releases-wms,None
Expired Gold Mining Leases - 1860s to 1958 - WMS,https://develop.directory.data.vic.gov.au/dataset/expired-gold-mining-leases-1860s-to-1958-wms,None
Tailings Licences - Expired - WMS,https://develop.directory.data.vic.gov.au/dataset/tailings-licences-expired-wms,None
Mineral Tenements - WMS,https://develop.directory.data.vic.gov.au/dataset/mineral-tenements-wms,None
Electricity Distribution Boundaries - WMS,https://develop.directory.data.vic.gov.au/dataset/electricity-distribution-boundaries-wms,None
Boreholes that are available to the public (from Earth Resource's database) - WMS,https://develop.directory.data.vic.gov.au/dataset/boreholes-that-are-available-to-the-public-from-earth-resources-database-wms,None
Extractive Industry Interest Areas - WMS,https://develop.directory.data.vic.gov.au/dataset/extractive-industry-interest-areas-wms,None
Historical Mining Activity - WMS,https://develop.directory.data.vic.gov.au/dataset/historical-mining-activity-wms,None
Mines and Mineral Occurrence Sites - WMS,https://develop.directory.data.vic.gov.au/dataset/mines-and-mineral-occurrence-sites-wms,None
GSV Published Maps Indexes - WMS,https://develop.directory.data.vic.gov.au/dataset/gsv-published-maps-indexes-wms,None
Geologically Significant Features as determined by the Geological Society of Australia (GSA) - WMS,https://develop.directory.data.vic.gov.au/dataset/geologically-significant-features-as-determined-by-the-geological-society-of-australia-gsa-wms,None
Geological Sites - WMS,https://develop.directory.data.vic.gov.au/dataset/geological-sites-wms,None
Geological Outcrops - WMS,https://develop.directory.data.vic.gov.au/dataset/geological-outcrops-wms,None
Petrophysics Sample Locations - WMS,https://develop.directory.data.vic.gov.au/dataset/petrophysics-sample-locations-wms,None
Rock Site Locations - WMS,https://develop.directory.data.vic.gov.au/dataset/rock-site-locations-wms,None
Geological Structure Measurements - WMS,https://develop.directory.data.vic.gov.au/dataset/geological-structure-measurements-wms,None
Deep Leads Areas - WMS,https://develop.directory.data.vic.gov.au/dataset/deep-leads-areas-wms,None
Deep Lead Lines - WMS,https://develop.directory.data.vic.gov.au/dataset/deep-lead-lines-wms,None
Mineral Points (1:1000000) - WMS,https://develop.directory.data.vic.gov.au/dataset/mineral-points-1-1000000-wms,None
Gravity Reading Locations and Measurement - WMS,https://develop.directory.data.vic.gov.au/dataset/gravity-reading-locations-and-measurement-wms,None
Geological Basins - WMS,https://develop.directory.data.vic.gov.au/dataset/geological-basins-wms,None
Geological Fossil Locations - WMS,https://develop.directory.data.vic.gov.au/dataset/geological-fossil-locations-wms,None
Gold Nuggets Discovered in Victoria - WMS,https://develop.directory.data.vic.gov.au/dataset/gold-nuggets-discovered-in-victoria-wms,None
Oil and Gas Fields - WMS,https://develop.directory.data.vic.gov.au/dataset/oil-and-gas-fields-wms,None
Geological Alterations to Rock (1:100000) - WMS,https://develop.directory.data.vic.gov.au/dataset/geological-alterations-to-rock-1-100000-wms,None
Geological Chert Horizon (1:100000) - WMS,https://develop.directory.data.vic.gov.au/dataset/geological-chert-horizon-1-100000-wms,None
Geological Facies (1:100000) - WMS,https://develop.directory.data.vic.gov.au/dataset/geological-facies-1-100000-wms,None
Miscellaneous geological lines and points (1:100000) - WMS,https://develop.directory.data.vic.gov.au/dataset/miscellaneous-geological-lines-and-points-1-100000-wms,None
Linear geological structures (1:1000000) - WMS,https://develop.directory.data.vic.gov.au/dataset/linear-geological-structures-1-1000000-wms,None
Linear geological structures (1:250000) - WMS,https://develop.directory.data.vic.gov.au/dataset/linear-geological-structures-1-250000-wms,None
Linear geological structures (1:100000) - WMS,https://develop.directory.data.vic.gov.au/dataset/linear-geological-structures-1-100000-wms,None
Surface Geochemistry Samples (being Superceded by GEOCHEMISTRY) - WMS,https://develop.directory.data.vic.gov.au/dataset/surface-geochemistry-samples-being-superceded-by-geochemistry-wms,None
Open File Digital Airborne Geophysical Survey Index for Victoria - WMS,https://develop.directory.data.vic.gov.au/dataset/open-file-digital-airborne-geophysical-survey-index-for-victoria-wms,None
Geophysical Structure lines (1:100000) Geophysical Interpretation of Linear Structural Feat - WMS,https://develop.directory.data.vic.gov.au/dataset/geophysical-structure-lines-1-100000-geophysical-interpretation-of-linear-structural-feat-wms,None
Open File Analog Airborne Geophysical Survey for Victoria - WMS,https://develop.directory.data.vic.gov.au/dataset/open-file-analog-airborne-geophysical-survey-for-victoria-wms,None
Mineral Springs - WMS,https://develop.directory.data.vic.gov.au/dataset/mineral-springs-wms,None
Geological Excursion Sites visited by Geological Survey Victoria - WMS,https://develop.directory.data.vic.gov.au/dataset/geological-excursion-sites-visited-by-geological-survey-victoria-wms,None
Geological Structural Measurements on the Mapface (1:100000) - WMS,https://develop.directory.data.vic.gov.au/dataset/geological-structural-measurements-on-the-mapface-1-100000-wms,None
Geophysical Miscellaneous lines (1:100000) Geophysical Interpretation of other linear geolo - WMS,https://develop.directory.data.vic.gov.au/dataset/geophysical-miscellaneous-lines-1-100000-geophysical-interpretation-of-other-linear-geolo-wms,None
Miscellaneous geological lines and points (1:250000) - WMS,https://develop.directory.data.vic.gov.au/dataset/miscellaneous-geological-lines-and-points-1-250000-wms,None
Geological Deep Leads (1:250000) - WMS,https://develop.directory.data.vic.gov.au/dataset/geological-deep-leads-1-250000-wms,None
Mineral Areas (1:1000000) - WMS,https://develop.directory.data.vic.gov.au/dataset/mineral-areas-1-1000000-wms,None
Geophysical Miscellaneous lines (1:250000) Geophysical Interpretation of other linear geolo - WMS,https://develop.directory.data.vic.gov.au/dataset/geophysical-miscellaneous-lines-1-250000-geophysical-interpretation-of-other-linear-geolo-wms,None
Geophysical Structure lines (1:250000) Geophysical Interpretation of Linear Structural Feat - WMS,https://develop.directory.data.vic.gov.au/dataset/geophysical-structure-lines-1-250000-geophysical-interpretation-of-linear-structural-feat-wms,None
Duricrust (1:100000) - WMS,https://develop.directory.data.vic.gov.au/dataset/duricrust-1-100000-wms,None
Geological Deep Leads Polygons (1:100000) - WMS,https://develop.directory.data.vic.gov.au/dataset/geological-deep-leads-polygons-1-100000-wms,None
Geological Deep Leads Lines (1:100000) - WMS,https://develop.directory.data.vic.gov.au/dataset/geological-deep-leads-lines-1-100000-wms,None
Alluvial mineralisation and mined alluvial workings polygons (1:100 000) - WMS,https://develop.directory.data.vic.gov.au/dataset/alluvial-mineralisation-and-mined-alluvial-workings-polygons-1-100-000-wms,None
Alluvial mineralisation and mined alluvial workings line (1:100 000) - WMS,https://develop.directory.data.vic.gov.au/dataset/alluvial-mineralisation-and-mined-alluvial-workings-line-1-100-000-wms,None
Shallow Workings Polygons (1:100000) - WMS,https://develop.directory.data.vic.gov.au/dataset/shallow-workings-polygons-1-100000-wms,None
Shallow Workings Polygons Lines (1:100000) - WMS,https://develop.directory.data.vic.gov.au/dataset/shallow-workings-polygons-lines-1-100000-wms,None
Geological polygons (1:4000000) - WMS,https://develop.directory.data.vic.gov.au/dataset/geological-polygons-1-4000000-wms,None
Geological polygons (1:1000000) - WMS,https://develop.directory.data.vic.gov.au/dataset/geological-polygons-1-1000000-wms,None
Geological Lines (1:1000000) - WMS,https://develop.directory.data.vic.gov.au/dataset/geological-lines-1-1000000-wms,None
Geological lines (1:250000) - WMS,https://develop.directory.data.vic.gov.au/dataset/geological-lines-1-250000-wms,None
Geological rock types polygons (1:100000) - WMS,https://develop.directory.data.vic.gov.au/dataset/geological-rock-types-polygons-1-100000-wms,None
Geological rock types lines (1:100000) - WMS,https://develop.directory.data.vic.gov.au/dataset/geological-rock-types-lines-1-100000-wms,None
Regolith Regional Duricrust Polygons (1:100000) - WMS,https://develop.directory.data.vic.gov.au/dataset/regolith-regional-duricrust-polygons-1-100000-wms,None
Regolith Regional Duricrust Lines (1:100000) - WMS,https://develop.directory.data.vic.gov.au/dataset/regolith-regional-duricrust-lines-1-100000-wms,None
Regolith Regional Radiometric Signature Areas (1:100000) - WMS,https://develop.directory.data.vic.gov.au/dataset/regolith-regional-radiometric-signature-areas-1-100000-wms,None
Regolith Regional Radiometric Signature Area Lines (1:100000) - WMS,https://develop.directory.data.vic.gov.au/dataset/regolith-regional-radiometric-signature-area-lines-1-100000-wms,None
Regolith Regional type polygons (1:100000) - WMS,https://develop.directory.data.vic.gov.au/dataset/regolith-regional-type-polygons-1-100000-wms,None
Regolith Regional type lines (1:100000) - WMS,https://develop.directory.data.vic.gov.au/dataset/regolith-regional-type-lines-1-100000-wms,None
Geological Fault Rock - Polygons (1:100000) - WMS,https://develop.directory.data.vic.gov.au/dataset/geological-fault-rock-polygons-1-100000-wms,None
Oil and Gas Facilities - WMS,https://develop.directory.data.vic.gov.au/dataset/oil-and-gas-facilities-wms,None
Geological Gold Fields (1:100000) - WMS,https://develop.directory.data.vic.gov.au/dataset/geological-gold-fields-1-100000-wms,None
Planned Burns 2020/21 - 2022/23 now called Joint Fuel management program - WMS,https://develop.directory.data.vic.gov.au/dataset/planned-burns-2020-21-2022-23-now-called-joint-fuel-management-program-wms,None
Fire History showing the number of times areas have been burnt based on mapped fire history  - WMS,https://develop.directory.data.vic.gov.au/dataset/fire-history-showing-the-number-of-times-areas-have-been-burnt-based-on-mapped-fire-history-wms,None
VEAC Metropolitan Melbourne Open Space Inventory - WMS,https://develop.directory.data.vic.gov.au/dataset/veac-metropolitan-melbourne-open-space-inventory-wms,None
Areas closed to hunting for a period of time - WMS,https://develop.directory.data.vic.gov.au/dataset/areas-closed-to-hunting-for-a-period-of-time-wms,None
Volcanic Eruption Points - WMS,https://develop.directory.data.vic.gov.au/dataset/volcanic-eruption-points-wms,None
Landsystems - WMS,https://develop.directory.data.vic.gov.au/dataset/landsystems-wms,None
Land Systems of Victoria at 1:250 000 - WMS,https://develop.directory.data.vic.gov.au/dataset/land-systems-of-victoria-at-1-250-000-wms,None
Statewide Land Use 1996 to 2005 - WMS,https://develop.directory.data.vic.gov.au/dataset/statewide-land-use-1996-to-2005-wms,None
Defined and declared floodways - WMS,https://develop.directory.data.vic.gov.au/dataset/defined-and-declared-floodways-wms,None
Victoria Flood Database - Defined and Declared Floodways - WMS,https://develop.directory.data.vic.gov.au/dataset/victoria-flood-database-defined-and-declared-floodways-wms,None
Recreation Sites - WMS,https://develop.directory.data.vic.gov.au/dataset/recreation-sites-wms,None
Recreation Assets - WMS,https://develop.directory.data.vic.gov.au/dataset/recreation-assets-wms,None
Recreation Carpark - WMS,https://develop.directory.data.vic.gov.au/dataset/recreation-carpark-wms,None
Recreation Historic Relics - WMS,https://develop.directory.data.vic.gov.au/dataset/recreation-historic-relics-wms,None
Recreation Hut - WMS,https://develop.directory.data.vic.gov.au/dataset/recreation-hut-wms,None
Recreation Track - WMS,https://develop.directory.data.vic.gov.au/dataset/recreation-track-wms,None
Broadhectare Residential Land 2016 - WMS,https://develop.directory.data.vic.gov.au/dataset/broadhectare-residential-land-2016-wms,None
Major Residential Redevelopments Sites 2016 - WMS,https://develop.directory.data.vic.gov.au/dataset/major-residential-redevelopments-sites-2016-wms,None
Urban Development Program - Industrial Land 2016 - WMS,https://develop.directory.data.vic.gov.au/dataset/urban-development-program-industrial-land-2016-wms,None
Urban Development Program - Proposed Industrial Areas 2016 - WMS,https://develop.directory.data.vic.gov.au/dataset/urban-development-program-proposed-industrial-areas-2016-wms,None
Local Government Areas for Victoria prior to the 1994 amalgamations - WMS,https://develop.directory.data.vic.gov.au/dataset/local-government-areas-for-victoria-prior-to-the-1994-amalgamations-wms,None
Register of Geographic Names - Vicmap Features of Interest - WMS,https://develop.directory.data.vic.gov.au/dataset/register-of-geographic-names-vicmap-features-of-interest-wms,None
Vicmap Transport - Rail Network - WMS,https://develop.directory.data.vic.gov.au/dataset/vicmap-transport-rail-network-wms,None
Vicmap Transport - Rail Bridges - WMS,https://develop.directory.data.vic.gov.au/dataset/vicmap-transport-rail-bridges-wms,None
Vicmap Transport - Rail Siding - WMS,https://develop.directory.data.vic.gov.au/dataset/vicmap-transport-rail-siding-wms,None
Vicmap Transport - Rail Dismantled - WMS,https://develop.directory.data.vic.gov.au/dataset/vicmap-transport-rail-dismantled-wms,None
Vicmap Transport - Rail Disused - WMS,https://develop.directory.data.vic.gov.au/dataset/vicmap-transport-rail-disused-wms,None
Vicmap Transport - Rail Operational - WMS,https://develop.directory.data.vic.gov.au/dataset/vicmap-transport-rail-operational-wms,None
Vicmap Transport - Rail Marshalling Yard - WMS,https://develop.directory.data.vic.gov.au/dataset/vicmap-transport-rail-marshalling-yard-wms,None
Vicmap Transport - Light Rail - WMS,https://develop.directory.data.vic.gov.au/dataset/vicmap-transport-light-rail-wms,None
Vicmap Transport - Tram Way - WMS,https://develop.directory.data.vic.gov.au/dataset/vicmap-transport-tram-way-wms,None
Vicmap Transport - Rail Underground - WMS,https://develop.directory.data.vic.gov.au/dataset/vicmap-transport-rail-underground-wms,None
Vicmap Transport - Rail Trail - WMS,https://develop.directory.data.vic.gov.au/dataset/vicmap-transport-rail-trail-wms,None
Rail Network - Vicmap Transport - WMS,https://develop.directory.data.vic.gov.au/dataset/rail-network-vicmap-transport-wms,None
Vicmap Transport - Bicycle Bridges (point) - WMS,https://develop.directory.data.vic.gov.au/dataset/vicmap-transport-bicycle-bridges-point-wms,None
Vicmap Transport - Gates - WMS,https://develop.directory.data.vic.gov.au/dataset/vicmap-transport-gates-wms,None
Vicmap Transport - Level Crossing (points) - WMS,https://develop.directory.data.vic.gov.au/dataset/vicmap-transport-level-crossing-points-wms,None
Vicmap Transport - Roundabout (points) - WMS,https://develop.directory.data.vic.gov.au/dataset/vicmap-transport-roundabout-points-wms,None
Airport Infrastructure - Vicmap Transport (Line) - WMS,https://develop.directory.data.vic.gov.au/dataset/airport-infrastructure-vicmap-transport-line-wms,None
Vicmap Transport - Airfield Runway (polygon) - WMS,https://develop.directory.data.vic.gov.au/dataset/vicmap-transport-airfield-runway-polygon-wms,None
Vicmap Transport - Rail Station Operational - WMS,https://develop.directory.data.vic.gov.au/dataset/vicmap-transport-rail-station-operational-wms,None
Vicmap Transport - Rail Station Non Operational (disused) - WMS,https://develop.directory.data.vic.gov.au/dataset/vicmap-transport-rail-station-non-operational-disused-wms,None
Vicmap Transport - Rail Station Non Operational (dismantled) - WMS,https://develop.directory.data.vic.gov.au/dataset/vicmap-transport-rail-station-non-operational-dismantled-wms,None
Vicmap Hydro - Areas Subject to Inundation - WMS,https://develop.directory.data.vic.gov.au/dataset/vicmap-hydro-areas-subject-to-inundation-wms,None
Vicmap Hydro - Lakes and Dams - WMS,https://develop.directory.data.vic.gov.au/dataset/vicmap-hydro-lakes-and-dams-wms,None
Vicmap Hydro - Pondages - WMS,https://develop.directory.data.vic.gov.au/dataset/vicmap-hydro-pondages-wms,None
Vicmap Hydro - Connector Watercourse - WMS,https://develop.directory.data.vic.gov.au/dataset/vicmap-hydro-connector-watercourse-wms,None
VIcmap Hydro - Watercourse Drains - WMS,https://develop.directory.data.vic.gov.au/dataset/vicmap-hydro-watercourse-drains-wms,None
Vicmap Hydro - Watercourse Streams - WMS,https://develop.directory.data.vic.gov.au/dataset/vicmap-hydro-watercourse-streams-wms,None
VIcmap Hydro - Watercourse Rivers - WMS,https://develop.directory.data.vic.gov.au/dataset/vicmap-hydro-watercourse-rivers-wms,None
Vicmap Hydro - Watercourse Channels - WMS,https://develop.directory.data.vic.gov.au/dataset/vicmap-hydro-watercourse-channels-wms,None
Watercourse Network 1:25000 - Vicmap Hydro - WMS,https://develop.directory.data.vic.gov.au/dataset/watercourse-network-1-25000-vicmap-hydro-wms,None
Vicmap Hydro - Salt Lakes - WMS,https://develop.directory.data.vic.gov.au/dataset/vicmap-hydro-salt-lakes-wms,None
Vicmap Hydro - Salt Pans - WMS,https://develop.directory.data.vic.gov.au/dataset/vicmap-hydro-salt-pans-wms,None
Vicmap Hydro - Sewage Filtration Beds - WMS,https://develop.directory.data.vic.gov.au/dataset/vicmap-hydro-sewage-filtration-beds-wms,None
Vicmap Hydro - Swamps - WMS,https://develop.directory.data.vic.gov.au/dataset/vicmap-hydro-swamps-wms,None
Water Area (polygon) 1:25000 - Vicmap Hydro - WMS,https://develop.directory.data.vic.gov.au/dataset/water-area-polygon-1-25000-vicmap-hydro-wms,None
Area Subject to Innundation - Water Area (polygon) 1:25000 - Vicmap Hydro - WMS,https://develop.directory.data.vic.gov.au/dataset/area-subject-to-innundation-water-area-polygon-1-25000-vicmap-hydro-wms,None
Lakes and Dams - Water Area (polygon) 1:25000 - Vicmap Hydro - WMS,https://develop.directory.data.vic.gov.au/dataset/lakes-and-dams-water-area-polygon-1-25000-vicmap-hydro-wms,None
Pondages - Water Area (polygon) 1:25000 - Vicmap Hydro - WMS,https://develop.directory.data.vic.gov.au/dataset/pondages-water-area-polygon-1-25000-vicmap-hydro-wms,None
Vicmap Hydro - Waterfalls - WMS,https://develop.directory.data.vic.gov.au/dataset/vicmap-hydro-waterfalls-wms,None
Vicmap Hydro - Water tank points - WMS,https://develop.directory.data.vic.gov.au/dataset/vicmap-hydro-water-tank-points-wms,None
Vicmap Hydro - Watering place - WMS,https://develop.directory.data.vic.gov.au/dataset/vicmap-hydro-watering-place-wms,None
Vicmap Hydro - Water Well - WMS,https://develop.directory.data.vic.gov.au/dataset/vicmap-hydro-water-well-wms,None
Vicmap Hydro - Water structure - Tank water polygon - WMS,https://develop.directory.data.vic.gov.au/dataset/vicmap-hydro-water-structure-tank-water-polygon-wms,None
Vicmap Hydro - Water structure - spillway - WMS,https://develop.directory.data.vic.gov.au/dataset/vicmap-hydro-water-structure-spillway-wms,None
Vicmap Hydro - Water Structure - dam batter - WMS,https://develop.directory.data.vic.gov.au/dataset/vicmap-hydro-water-structure-dam-batter-wms,None
Vicmap Hydro - Water structure - Marina - WMS,https://develop.directory.data.vic.gov.au/dataset/vicmap-hydro-water-structure-marina-wms,None
Ground Surface Point 1:25000 - Vicmap Elevation - WMS,https://develop.directory.data.vic.gov.au/dataset/ground-surface-point-1-25000-vicmap-elevation-wms,None
Vicmap Elevation 10 - 20m Contours - WMS,https://develop.directory.data.vic.gov.au/dataset/vicmap-elevation-10-20m-contours-wms,None
Place Area Polygon 1:25000 - Vicmap Features of Interest - WMS,https://develop.directory.data.vic.gov.au/dataset/place-area-polygon-1-25000-vicmap-features-of-interest-wms,None
Address - Vicmap Address - WMS,https://develop.directory.data.vic.gov.au/dataset/address-vicmap-address-wms,None
Vicmap Transport - 4wd Tracks - WMS,https://develop.directory.data.vic.gov.au/dataset/vicmap-transport-4wd-tracks-wms,None
Vicmap Transport - Proposed Roads - WMS,https://develop.directory.data.vic.gov.au/dataset/vicmap-transport-proposed-roads-wms,None
Vicmap Transport - Walking Tracks - WMS,https://develop.directory.data.vic.gov.au/dataset/vicmap-transport-walking-tracks-wms,None
Vicmap Transport - Bicycle Paths - WMS,https://develop.directory.data.vic.gov.au/dataset/vicmap-transport-bicycle-paths-wms,None
Vicmap Transport - Road Network - WMS,https://develop.directory.data.vic.gov.au/dataset/vicmap-transport-road-network-wms,None
Vicmap Transport - Bicentenial National Walking Trail - WMS,https://develop.directory.data.vic.gov.au/dataset/vicmap-transport-bicentenial-national-walking-trail-wms,None
Vicmap Transport - Great Divide Walking Trail - WMS,https://develop.directory.data.vic.gov.au/dataset/vicmap-transport-great-divide-walking-trail-wms,None
Vicmap Transport - Surf Coast Walk - WMS,https://develop.directory.data.vic.gov.au/dataset/vicmap-transport-surf-coast-walk-wms,None
Vicmap Transport - Australian Alps Walking Trail - WMS,https://develop.directory.data.vic.gov.au/dataset/vicmap-transport-australian-alps-walking-trail-wms,None
Vicmap Transport - Rail Tunnel - WMS,https://develop.directory.data.vic.gov.au/dataset/vicmap-transport-rail-tunnel-wms,None
Vicmap Transport - Road Bridges - WMS,https://develop.directory.data.vic.gov.au/dataset/vicmap-transport-road-bridges-wms,None
Vicmap Transport - Foot Bridges - WMS,https://develop.directory.data.vic.gov.au/dataset/vicmap-transport-foot-bridges-wms,None
Vicmap Transport - Road Tunnel - WMS,https://develop.directory.data.vic.gov.au/dataset/vicmap-transport-road-tunnel-wms,None
Vicmap Transport - Fords - WMS,https://develop.directory.data.vic.gov.au/dataset/vicmap-transport-fords-wms,None
VIcmap Transport - Freeways Tollways - WMS,https://develop.directory.data.vic.gov.au/dataset/vicmap-transport-freeways-tollways-wms,None
Vicmap Transport - Road Restrictions (management vehicles only) - WMS,https://develop.directory.data.vic.gov.au/dataset/vicmap-transport-road-restrictions-management-vehicles-only-wms,None
Vicmap Transport - Road Restrictions (subject to seasonal closure) - WMS,https://develop.directory.data.vic.gov.au/dataset/vicmap-transport-road-restrictions-subject-to-seasonal-closure-wms,None
Vicmap Transport - Road Restrictions (subject to height or weight limits) - WMS,https://develop.directory.data.vic.gov.au/dataset/vicmap-transport-road-restrictions-subject-to-height-or-weight-limits-wms,None
Vicmap Transport - Road Restrictions (road permanently closed) - WMS,https://develop.directory.data.vic.gov.au/dataset/vicmap-transport-road-restrictions-road-permanently-closed-wms,None
Vicmap Transport - Road Restrictions (private access) - WMS,https://develop.directory.data.vic.gov.au/dataset/vicmap-transport-road-restrictions-private-access-wms,None
Vicmap Transport - Road Restrictions (road unmaintained) - WMS,https://develop.directory.data.vic.gov.au/dataset/vicmap-transport-road-restrictions-road-unmaintained-wms,None
Vicmap Transport - Road Restrictions (dry weather only) - WMS,https://develop.directory.data.vic.gov.au/dataset/vicmap-transport-road-restrictions-dry-weather-only-wms,None
Road Network - Vicmap Transport - WMS,https://develop.directory.data.vic.gov.au/dataset/road-network-vicmap-transport-wms,None
Vicmap Transport - Freeways - WMS,https://develop.directory.data.vic.gov.au/dataset/vicmap-transport-freeways-wms,None
Vicmap Transport - Highways - WMS,https://develop.directory.data.vic.gov.au/dataset/vicmap-transport-highways-wms,None
Vicmap Transport - Arterial Roads - WMS,https://develop.directory.data.vic.gov.au/dataset/vicmap-transport-arterial-roads-wms,None
Vicmap Transport - Sub-Arterial Roads - WMS,https://develop.directory.data.vic.gov.au/dataset/vicmap-transport-sub-arterial-roads-wms,None
Vicmap Transport - Collector Roads - WMS,https://develop.directory.data.vic.gov.au/dataset/vicmap-transport-collector-roads-wms,None
Vicmap Transport - Local Roads - WMS,https://develop.directory.data.vic.gov.au/dataset/vicmap-transport-local-roads-wms,None
Road Network - Vicmap Transport - Ferry Route - WMS,https://develop.directory.data.vic.gov.au/dataset/road-network-vicmap-transport-ferry-route-wms,None
Vicmap Vegetation - Tree Density - Scattered - WMS,https://develop.directory.data.vic.gov.au/dataset/vicmap-vegetation-tree-density-scattered-wms,None
Vicmap Vegetation - Tree Density - Medium - WMS,https://develop.directory.data.vic.gov.au/dataset/vicmap-vegetation-tree-density-medium-wms,None
Vicmap Vegetation - Tree Density - Dense - WMS,https://develop.directory.data.vic.gov.au/dataset/vicmap-vegetation-tree-density-dense-wms,None
Victorian Lower House Electoral Boundaries 2001 - WMS,https://develop.directory.data.vic.gov.au/dataset/victorian-lower-house-electoral-boundaries-2001-wms,None
Vicmap Elevation - Ground Points - WMS,https://develop.directory.data.vic.gov.au/dataset/vicmap-elevation-ground-points-wms,None
Parish Boundaries (polygon) - Vicmap Admin - WMS,https://develop.directory.data.vic.gov.au/dataset/parish-boundaries-polygon-vicmap-admin-wms,None
Township Boundaries (polygon) - Vicmap Admin - WMS,https://develop.directory.data.vic.gov.au/dataset/township-boundaries-polygon-vicmap-admin-wms,None
Vicmap Crown Land Tenure - Reserve Management - WMS,https://develop.directory.data.vic.gov.au/dataset/vicmap-crown-land-tenure-reserve-management-wms,None
Vicmap Crown Land Tenure - Reserve Status - WMS,https://develop.directory.data.vic.gov.au/dataset/vicmap-crown-land-tenure-reserve-status-wms,None
Vicmap Crown Land Tenure - Pipelines - WMS,https://develop.directory.data.vic.gov.au/dataset/vicmap-crown-land-tenure-pipelines-wms,None
Vicmap Crown Land Tenure - General Licences (miscellaneous) - WMS,https://develop.directory.data.vic.gov.au/dataset/vicmap-crown-land-tenure-general-licences-miscellaneous-wms,None
Vicmap Crown Land Tenure - Apiary or Bee-Farm - WMS,https://develop.directory.data.vic.gov.au/dataset/vicmap-crown-land-tenure-apiary-or-bee-farm-wms,None
Vicmap Crown Land Tenure - Lease - WMS,https://develop.directory.data.vic.gov.au/dataset/vicmap-crown-land-tenure-lease-wms,None
Vicmap Crown Land Tenure - Agricultural - WMS,https://develop.directory.data.vic.gov.au/dataset/vicmap-crown-land-tenure-agricultural-wms,None
Vicmap Crown Land Tenure - Government Road Polygon - WMS,https://develop.directory.data.vic.gov.au/dataset/vicmap-crown-land-tenure-government-road-polygon-wms,None
Metro Contour 1-5 Metre - Vicmap Elevation - WMS,https://develop.directory.data.vic.gov.au/dataset/metro-contour-1-5-metre-vicmap-elevation-wms,None
Metro Ground Surface Point 1-5 Metre - Vicmap Elevation - WMS,https://develop.directory.data.vic.gov.au/dataset/metro-ground-surface-point-1-5-metre-vicmap-elevation-wms,None
Airport Area - Vicmap Transport - WMS,https://develop.directory.data.vic.gov.au/dataset/airport-area-vicmap-transport-wms,None
Parcel View - Vicmap Property - WMS,https://develop.directory.data.vic.gov.au/dataset/parcel-view-vicmap-property-wms,None
Vicmap Property Annotation Text - WMS,https://develop.directory.data.vic.gov.au/dataset/vicmap-property-annotation-text-wms,None
Local Government Area Boundaries (Property) 1:25000 - Vicmap Admin - WMS,https://develop.directory.data.vic.gov.au/dataset/local-government-area-boundaries-property-1-25000-vicmap-admin-wms,None
Tenure boundaries and descriptors as per Crown Land Management - Vicmap Crown Land Tenure - WMS,https://develop.directory.data.vic.gov.au/dataset/tenure-boundaries-and-descriptors-as-per-crown-land-management-vicmap-crown-land-tenure-wms,None
Postcode Boundaries (Polygon) - Vicmap Admin - WMS,https://develop.directory.data.vic.gov.au/dataset/postcode-boundaries-polygon-vicmap-admin-wms,None
Locality Boundaries (Property) (polygon) - Vicmap Admin - WMS,https://develop.directory.data.vic.gov.au/dataset/locality-boundaries-property-polygon-vicmap-admin-wms,None
Victorian Government Regional Departmental Boundaries - Vicmap Admin - WMS,https://develop.directory.data.vic.gov.au/dataset/victorian-government-regional-departmental-boundaries-vicmap-admin-wms,None
Victorian Upper House Electoral Boundaries 2005 - WMS,https://develop.directory.data.vic.gov.au/dataset/victorian-upper-house-electoral-boundaries-2005-wms,None
Tree Density 1:25000 - Vicmap Vegetation - WMS,https://develop.directory.data.vic.gov.au/dataset/tree-density-1-25000-vicmap-vegetation-wms,None
Vicmap Elevation - Contours - WMS,https://develop.directory.data.vic.gov.au/dataset/vicmap-elevation-contours-wms,None
Vicmap Property - Parcel Map Polygons - WMS,https://develop.directory.data.vic.gov.au/dataset/vicmap-property-parcel-map-polygons-wms,None
Property Map Polygons - Vicmap Property Simplified 1 - WMS,https://develop.directory.data.vic.gov.au/dataset/property-map-polygons-vicmap-property-simplified-1-wms,None
Department of Sustainability & Environment Regional Boundaries - Vicmap Admin - WMS,https://develop.directory.data.vic.gov.au/dataset/department-of-sustainability-environment-regional-boundaries-vicmap-admin-wms,None
Statewide Rail Network Line - 1:250000 to 1 :5 million - Vicmap Lite - WMS,https://develop.directory.data.vic.gov.au/dataset/statewide-rail-network-line-1-250000-to-1-5-million-vicmap-lite-wms,None
Statewide railway stations point -  1:250000 to 1 :5 million. Vicmap Lite - WMS,https://develop.directory.data.vic.gov.au/dataset/statewide-railway-stations-point-1-250000-to-1-5-million-vicmap-lite-wms,None
Aiport point -  1:250000 to 1 :5 million. Vicmap Lite - WMS,https://develop.directory.data.vic.gov.au/dataset/aiport-point-1-250000-to-1-5-million-vicmap-lite-wms,None
Statewide watercourse network line -  1:250000 to 1 :5 million. Vicmap Lite - WMS,https://develop.directory.data.vic.gov.au/dataset/statewide-watercourse-network-line-1-250000-to-1-5-million-vicmap-lite-wms,None
Statewide water areas polygon  -  1:250000 to 1 :5 million. Vicmap Lite - WMS,https://develop.directory.data.vic.gov.au/dataset/statewide-water-areas-polygon-1-250000-to-1-5-million-vicmap-lite-wms,None
Simplified outline of Victoria and adjoining States polygon  -  1:250000 to 1 :2 million. V - WMS,https://develop.directory.data.vic.gov.au/dataset/simplified-outline-of-victoria-and-adjoining-states-polygon-1-250000-to-1-2-million-v-wms,None
Statewide Place Area boundaries polygon  -  1:250000 to 1 :5 million. Vicmap Lite - WMS,https://develop.directory.data.vic.gov.au/dataset/statewide-place-area-boundaries-polygon-1-250000-to-1-5-million-vicmap-lite-wms,None
Local Government Area boundaries polygon  -  1:250000 to 1 :5 million. Vicmap Lite - WMS,https://develop.directory.data.vic.gov.au/dataset/local-government-area-boundaries-polygon-1-250000-to-1-5-million-vicmap-lite-wms,None
Locality boundaries polygon  -  1:250000 to 1 :5 million. Vicmap Lite - WMS,https://develop.directory.data.vic.gov.au/dataset/locality-boundaries-polygon-1-250000-to-1-5-million-vicmap-lite-wms,None
Postcode boundaries polygon  -  1:250000 to 1 :5 million. Vicmap Lite - WMS,https://develop.directory.data.vic.gov.au/dataset/postcode-boundaries-polygon-1-250000-to-1-5-million-vicmap-lite-wms,None
Statewide road network line -  1:250000 to 1 :5 million. Vicmap Lite - WMS,https://develop.directory.data.vic.gov.au/dataset/statewide-road-network-line-1-250000-to-1-5-million-vicmap-lite-wms,None
Statewide Forest Boundaries Polygon  -  1:2 million to 1 :5 million - Vicmap Lite - WMS,https://develop.directory.data.vic.gov.au/dataset/statewide-forest-boundaries-polygon-1-2-million-to-1-5-million-vicmap-lite-wms,None
Statewide Forest Boundaries Polygon  -  1:1 million to 1:2 million - Vicmap Lite - WMS,https://develop.directory.data.vic.gov.au/dataset/statewide-forest-boundaries-polygon-1-1-million-to-1-2-million-vicmap-lite-wms,None
Statewide Forest Boundaries Polygon  -  1:250000 to 1 :1 million - Vicmap Lite - WMS,https://develop.directory.data.vic.gov.au/dataset/statewide-forest-boundaries-polygon-1-250000-to-1-1-million-vicmap-lite-wms,None
Vicmap Lite - Public Land (State Forest) 1:1 million to 1:5 million - WMS,https://develop.directory.data.vic.gov.au/dataset/vicmap-lite-public-land-state-forest-1-1-million-to-1-5-million-wms,None
Vicmap Lite - Public Land (Softwood Plantation) 1:1 million to 1:5 million - WMS,https://develop.directory.data.vic.gov.au/dataset/vicmap-lite-public-land-softwood-plantation-1-1-million-to-1-5-million-wms,None
Vicmap Lite - Public Land (Parks and Reserves) 1:1 million to 1:5 million - WMS,https://develop.directory.data.vic.gov.au/dataset/vicmap-lite-public-land-parks-and-reserves-1-1-million-to-1-5-million-wms,None
Vicmap Lite - Public Land (Other Public Lands) 1.1 million to 1.5 million - WMS,https://develop.directory.data.vic.gov.au/dataset/vicmap-lite-public-land-other-public-lands-1-1-million-to-1-5-million-wms,None
Vicmap Lite - Public Land (Marine Parks and Reserves) 1:1 million to 1:5 million - WMS,https://develop.directory.data.vic.gov.au/dataset/vicmap-lite-public-land-marine-parks-and-reserves-1-1-million-to-1-5-million-wms,None
Vicmap Lite - Public Land (Coastal Waters) 1:1 million to 1:5 million - WMS,https://develop.directory.data.vic.gov.au/dataset/vicmap-lite-public-land-coastal-waters-1-1-million-to-1-5-million-wms,None
Statewide Public Land  Classification Boundaries Polygon  -  1:250k to 1 :2M - Vicmap Lite - WMS,https://develop.directory.data.vic.gov.au/dataset/statewide-public-land-classification-boundaries-polygon-1-250k-to-1-2m-vicmap-lite-wms,None
Place Names Point -  1:250000 to 1:5 million. Vicmap Lite - WMS,https://develop.directory.data.vic.gov.au/dataset/place-names-point-1-250000-to-1-5-million-vicmap-lite-wms,None
Statewide Geographic Area boundaries for labelling polygon  -  1:250000 to 1 :5 million. Vi - WMS,https://develop.directory.data.vic.gov.au/dataset/statewide-geographic-area-boundaries-for-labelling-polygon-1-250000-to-1-5-million-vi-wms,None
Statewide Geographic features for labelling point -  1:250000 to 1 :5 million. Vicmap Lite - WMS,https://develop.directory.data.vic.gov.au/dataset/statewide-geographic-features-for-labelling-point-1-250000-to-1-5-million-vicmap-lite-wms,None
WARD Boundaries 2008 - WMS,https://develop.directory.data.vic.gov.au/dataset/ward-boundaries-2008-wms,None
FOI - Locality Point - Vicmap Features of Interest - WMS,https://develop.directory.data.vic.gov.au/dataset/foi-locality-point-vicmap-features-of-interest-wms,None
FOI - Point - Vicmap Features of Interest - WMS,https://develop.directory.data.vic.gov.au/dataset/foi-point-vicmap-features-of-interest-wms,None
FOI - Polygon -  Vicmap Features of Interest - WMS,https://develop.directory.data.vic.gov.au/dataset/foi-polygon-vicmap-features-of-interest-wms,None
FOI - Line - Vicmap Features of Interest - WMS,https://develop.directory.data.vic.gov.au/dataset/foi-line-vicmap-features-of-interest-wms,None
FOI - Index Centroid - Vicmap Features of Interest - WMS,https://develop.directory.data.vic.gov.au/dataset/foi-index-centroid-vicmap-features-of-interest-wms,None
FOI - Index Extent - Vicmap Features of Interest - WMS,https://develop.directory.data.vic.gov.au/dataset/foi-index-extent-vicmap-features-of-interest-wms,None
1:25 000 MGA Mapsheet Boundaries - Single Format - WMS,https://develop.directory.data.vic.gov.au/dataset/1-25-000-mga-mapsheet-boundaries-single-format-wms,None
1:25 000 MGA Mapsheet Boundaries - Double Format - WMS,https://develop.directory.data.vic.gov.au/dataset/1-25-000-mga-mapsheet-boundaries-double-format-wms,None
1:30 000 format MGA Mapsheet Boundaries - A4 - WMS,https://develop.directory.data.vic.gov.au/dataset/1-30-000-format-mga-mapsheet-boundaries-a4-wms,None
1:30 000 format MGA Mapsheet Boundaries - A3 - WMS,https://develop.directory.data.vic.gov.au/dataset/1-30-000-format-mga-mapsheet-boundaries-a3-wms,None
1:50 000 MGA Mapsheet Boundaries - Single Format - WMS,https://develop.directory.data.vic.gov.au/dataset/1-50-000-mga-mapsheet-boundaries-single-format-wms,None
1:50 000 MGA Mapsheet Boundaries - Double Format - WMS,https://develop.directory.data.vic.gov.au/dataset/1-50-000-mga-mapsheet-boundaries-double-format-wms,None
Vicmap Topographic 1:100 000 map index - WMS,https://develop.directory.data.vic.gov.au/dataset/vicmap-topographic-1-100-000-map-index-wms,None
Vicmap Index - Index of Special Map Extents - WMS,https://develop.directory.data.vic.gov.au/dataset/vicmap-index-index-of-special-map-extents-wms,None
Victorian Government Regional Departmental Boundaries - Vicmap Admin (Road) - WMS,https://develop.directory.data.vic.gov.au/dataset/victorian-government-regional-departmental-boundaries-vicmap-admin-road-wms,None
Vicmap Property - Road Casement Polygon - WMS,https://develop.directory.data.vic.gov.au/dataset/vicmap-property-road-casement-polygon-wms,None
WARD Boundaries 2012 - WMS,https://develop.directory.data.vic.gov.au/dataset/ward-boundaries-2012-wms,None
Country Fire Authority (CFA) Total Fire Ban Districts - Vicmap Admin - WMS,https://develop.directory.data.vic.gov.au/dataset/country-fire-authority-cfa-total-fire-ban-districts-vicmap-admin-wms,None
Metropolitan Fire Brigade (MFB) District Boundaries - Vicmap Admin - WMS,https://develop.directory.data.vic.gov.au/dataset/metropolitan-fire-brigade-mfb-district-boundaries-vicmap-admin-wms,None
Metropolitan Fire Brigade (MFB) Region Boundaries - Vicmap Admin - WMS,https://develop.directory.data.vic.gov.au/dataset/metropolitan-fire-brigade-mfb-region-boundaries-vicmap-admin-wms,None
Building Point - WMS,https://develop.directory.data.vic.gov.au/dataset/building-point-wms,None
Building Polygon - WMS,https://develop.directory.data.vic.gov.au/dataset/building-polygon-wms,None
Department of Environment and Primary Industries Regional Boundaries - Vicmap Admin - WMS,https://develop.directory.data.vic.gov.au/dataset/department-of-environment-and-primary-industries-regional-boundaries-vicmap-admin-wms,None
Victorian Upper House Electoral Boundaries 2013 - Vicmap Admin - WMS,https://develop.directory.data.vic.gov.au/dataset/victorian-upper-house-electoral-boundaries-2013-vicmap-admin-wms,None
Geomark Index Centroid - WMS,https://develop.directory.data.vic.gov.au/dataset/geomark-index-centroid-wms,None
Geomark Index Extent - WMS,https://develop.directory.data.vic.gov.au/dataset/geomark-index-extent-wms,None
CFA - Fire Station (VMFEAT.GEOMARK_POINT) - WMS,https://develop.directory.data.vic.gov.au/dataset/cfa-fire-station-vmfeat-geomark_point-wms,None
Police Station (VMFEAT.GEOMARK_POINT) - WMS,https://develop.directory.data.vic.gov.au/dataset/police-station-vmfeat-geomark_point-wms,None
Geomark Point - WMS,https://develop.directory.data.vic.gov.au/dataset/geomark-point-wms,None
Geomark Polygon - WMS,https://develop.directory.data.vic.gov.au/dataset/geomark-polygon-wms,None
Geomark Line - WMS,https://develop.directory.data.vic.gov.au/dataset/geomark-line-wms,None
Department of Environment Land Water and Planning Regional Boundaries - Vicmap Admin - WMS,https://develop.directory.data.vic.gov.au/dataset/department-of-environment-land-water-and-planning-regional-boundaries-vicmap-admin-wms,None
WARD Boundaries 2016 - WMS,https://develop.directory.data.vic.gov.au/dataset/ward-boundaries-2016-wms,None
WARD Boundaries 2017 - WMS,https://develop.directory.data.vic.gov.au/dataset/ward-boundaries-2017-wms,None
Local Government Area Boundaries (Road) (polygon) - Vicmap Admin - WMS,https://develop.directory.data.vic.gov.au/dataset/local-government-area-boundaries-road-polygon-vicmap-admin-wms,None
Locality Boundaries (Road) (polygon) - Vicmap Admin - WMS,https://develop.directory.data.vic.gov.au/dataset/locality-boundaries-road-polygon-vicmap-admin-wms,None
WARD Boundaries 2020 - WMS,https://develop.directory.data.vic.gov.au/dataset/ward-boundaries-2020-wms,None
Fire Rescue Victoria (FRV) District Boundaries - Vicmap Admin - WMS,https://develop.directory.data.vic.gov.au/dataset/fire-rescue-victoria-frv-district-boundaries-vicmap-admin-wms,None
Fire Rescue Victoria (FRV) Region Boundaries - Vicmap Admin - WMS,https://develop.directory.data.vic.gov.au/dataset/fire-rescue-victoria-frv-region-boundaries-vicmap-admin-wms,None
Fire Rescue Victoria (FRV) Legislated Boundary - Vicmap Admin - WMS,https://develop.directory.data.vic.gov.au/dataset/fire-rescue-victoria-frv-legislated-boundary-vicmap-admin-wms,None
Emergency Management Regions - WMS,https://develop.directory.data.vic.gov.au/dataset/emergency-management-regions-wms,None
Areas of Cultural Heritage Sensitivity - WMS,https://develop.directory.data.vic.gov.au/dataset/areas-of-cultural-heritage-sensitivity-wms,None
Victorian Wetland Environments and Extent -  up to 1994 - WMS,https://develop.directory.data.vic.gov.au/dataset/victorian-wetland-environments-and-extent-up-to-1994-wms,None
AWRC Major River Basins of Victoria - WMS,https://develop.directory.data.vic.gov.au/dataset/awrc-major-river-basins-of-victoria-wms,None
Modelled old-growth forest boundaries - WMS,https://develop.directory.data.vic.gov.au/dataset/modelled-old-growth-forest-boundaries-wms,None
Victorian Bioregions (Mapped at 1:100000) - WMS,https://develop.directory.data.vic.gov.au/dataset/victorian-bioregions-mapped-at-1-100000-wms,None
Estuary-drained portions of Victorian coastal catchments - WMS,https://develop.directory.data.vic.gov.au/dataset/estuary-drained-portions-of-victorian-coastal-catchments-wms,None
Fluvially-drained portions of Victorian coastal catchments - WMS,https://develop.directory.data.vic.gov.au/dataset/fluvially-drained-portions-of-victorian-coastal-catchments-wms,None
Coal Seam and Basement Roof - WMS,https://develop.directory.data.vic.gov.au/dataset/coal-seam-and-basement-roof-wms,None
Coal to Waste Ratio - WMS,https://develop.directory.data.vic.gov.au/dataset/coal-to-waste-ratio-wms,None
Coal Seam and Haunted Hills Formation Floor - WMS,https://develop.directory.data.vic.gov.au/dataset/coal-seam-and-haunted-hills-formation-floor-wms,None
Coal Seam and Overburden Thickness - WMS,https://develop.directory.data.vic.gov.au/dataset/coal-seam-and-overburden-thickness-wms,None
Coal Model Boundary - WMS,https://develop.directory.data.vic.gov.au/dataset/coal-model-boundary-wms,None
Victorian Heritage Register - WMS,https://develop.directory.data.vic.gov.au/dataset/victorian-heritage-register-wms,None
Victorian Heritage Inventory - WMS,https://develop.directory.data.vic.gov.au/dataset/victorian-heritage-inventory-wms,None
Catchment Management Authority boundaries - WMS,https://develop.directory.data.vic.gov.au/dataset/catchment-management-authority-boundaries-wms,None
Vicmap Hydro - Water structure - Wharf - WMS,https://develop.directory.data.vic.gov.au/dataset/vicmap-hydro-water-structure-wharf-wms,None
Vicmap Hydro - Water structure - causeway - WMS,https://develop.directory.data.vic.gov.au/dataset/vicmap-hydro-water-structure-causeway-wms,None
Vicmap Hydro - Water structure - Dam wall - WMS,https://develop.directory.data.vic.gov.au/dataset/vicmap-hydro-water-structure-dam-wall-wms,None
Vicmap Hydro - Water structure - dam wall road - WMS,https://develop.directory.data.vic.gov.au/dataset/vicmap-hydro-water-structure-dam-wall-road-wms,None
Vicmap Hydro - Water structure - breakwater - WMS,https://develop.directory.data.vic.gov.au/dataset/vicmap-hydro-water-structure-breakwater-wms,None
Vicmap Hydro - Water structure - launching ramp - WMS,https://develop.directory.data.vic.gov.au/dataset/vicmap-hydro-water-structure-launching-ramp-wms,None
VIcmap Hydro - Water structure - lock - WMS,https://develop.directory.data.vic.gov.au/dataset/vicmap-hydro-water-structure-lock-wms,None
Vicmap Hydro - Water structure - pipe water - WMS,https://develop.directory.data.vic.gov.au/dataset/vicmap-hydro-water-structure-pipe-water-wms,None
Vicmap Hydro - Water structure - underground pipe water - WMS,https://develop.directory.data.vic.gov.au/dataset/vicmap-hydro-water-structure-underground-pipe-water-wms,None
Vicmap Elevation - Ground Type Rock Outcrop - WMS,https://develop.directory.data.vic.gov.au/dataset/vicmap-elevation-ground-type-rock-outcrop-wms,None
Vicmap Elevation - Ground Type Sand - WMS,https://develop.directory.data.vic.gov.au/dataset/vicmap-elevation-ground-type-sand-wms,None
Framework (Line) 1:25000 - Vicmap Index - WMS,https://develop.directory.data.vic.gov.au/dataset/framework-line-1-25000-vicmap-index-wms,None
Framework (Polygon) 1:25000 - Vicmap Index - WMS,https://develop.directory.data.vic.gov.au/dataset/framework-polygon-1-25000-vicmap-index-wms,None
Groundwater Management Areas - WMS,https://develop.directory.data.vic.gov.au/dataset/groundwater-management-areas-wms,None
Water Supply Protection Areas (Groundwater & Surface Water) within Victoria - WMS,https://develop.directory.data.vic.gov.au/dataset/water-supply-protection-areas-groundwater-surface-water-within-victoria-wms,None
Groundwater Management Area Zones - WMS,https://develop.directory.data.vic.gov.au/dataset/groundwater-management-area-zones-wms,None
Water Supply Protection Areas (Groundwater & Surface Water) Zone within Victoria - WMS,https://develop.directory.data.vic.gov.au/dataset/water-supply-protection-areas-groundwater-surface-water-zone-within-victoria-wms,None
Native Vegetation - Modelled Extent 2005 - WMS,https://develop.directory.data.vic.gov.au/dataset/native-vegetation-modelled-extent-2005-wms,None
Native Vegetation - Modelled 2005 Ecological Vegetation Classes  (with Bioregional Conservati - WMS,https://develop.directory.data.vic.gov.au/dataset/native-vegetation-modelled-2005-ecological-vegetation-classes-with-bioregional-conservati-wms,None
Rocky Outcrop or Escarpment Scrubs - Native Vegetation (EVCBCS_2005) - WMS,https://develop.directory.data.vic.gov.au/dataset/rocky-outcrop-or-escarpment-scrubs-native-vegetation-evcbcs_2005-wms,None
Salt-tolerant and/or succulent Shrublands -  Inland - Native Vegetation (EVCBCS_2005) - WMS,https://develop.directory.data.vic.gov.au/dataset/salt-tolerant-and-or-succulent-shrublands-inland-native-vegetation-evcbcs_2005-wms,None
Salt-tolerant and/or succulent Shrublands - Coastal - Native Vegetation (EVCBCS_2005) - WMS,https://develop.directory.data.vic.gov.au/dataset/salt-tolerant-and-or-succulent-shrublands-coastal-native-vegetation-evcbcs_2005-wms,None
Wetlands - Brackish/estuarine - Native Vegetation (EVCBCS_2005) - WMS,https://develop.directory.data.vic.gov.au/dataset/wetlands-brackish-estuarine-native-vegetation-evcbcs_2005-wms,None
Wetlands - Freshwater - Native Vegetation (EVCBCS_2005) - WMS,https://develop.directory.data.vic.gov.au/dataset/wetlands-freshwater-native-vegetation-evcbcs_2005-wms,None
Mallee - Sandstone ridges and rises - Native Vegetation (EVCBCS_2005) - WMS,https://develop.directory.data.vic.gov.au/dataset/mallee-sandstone-ridges-and-rises-native-vegetation-evcbcs_2005-wms,None
Mallee - Clay plains - Native Vegetation (EVCBCS_2005) - WMS,https://develop.directory.data.vic.gov.au/dataset/mallee-clay-plains-native-vegetation-evcbcs_2005-wms,None
Mallee - Calcareous dunefields - Native Vegetation (EVCBCS_2005) - WMS,https://develop.directory.data.vic.gov.au/dataset/mallee-calcareous-dunefields-native-vegetation-evcbcs_2005-wms,None
Mallee - Siliceous sands - Native Vegetation (EVCBCS_2005) - WMS,https://develop.directory.data.vic.gov.au/dataset/mallee-siliceous-sands-native-vegetation-evcbcs_2005-wms,None
Heathlands - Sub-alpine - Native Vegetation (EVCBCS_2005) - WMS,https://develop.directory.data.vic.gov.au/dataset/heathlands-sub-alpine-native-vegetation-evcbcs_2005-wms,None
Heathlands - Not well drained - Native Vegetation (EVCBCS_2005) - WMS,https://develop.directory.data.vic.gov.au/dataset/heathlands-not-well-drained-native-vegetation-evcbcs_2005-wms,None
Heathlands - Sandy and/or well drained - Native Vegetation (EVCBCS_2005) - WMS,https://develop.directory.data.vic.gov.au/dataset/heathlands-sandy-and-or-well-drained-native-vegetation-evcbcs_2005-wms,None
Herb-rich Woodlands - Damp Sands - Native Vegetation (EVCBCS_2005) - WMS,https://develop.directory.data.vic.gov.au/dataset/herb-rich-woodlands-damp-sands-native-vegetation-evcbcs_2005-wms,None
Herb-rich Woodlands - Alluvial terraces and/or creeklines - Native Vegetation (EVCBCS_2005) - WMS,https://develop.directory.data.vic.gov.au/dataset/herb-rich-woodlands-alluvial-terraces-and-or-creeklines-native-vegetation-evcbcs_2005-wms,None
Riverine Grassy Woodlands or Forests - Creekline and/or swampy - Native Vegetation (EVCBCS_20 - WMS,https://develop.directory.data.vic.gov.au/dataset/riverine-grassy-woodlands-or-forests-creekline-and-or-swampy-native-vegetation-evcbcs_20-wms,None
Riverine Grassy Woodlands or Forests - Broader plain - Native Vegetation (EVCBCS_2005) - WMS,https://develop.directory.data.vic.gov.au/dataset/riverine-grassy-woodlands-or-forests-broader-plain-native-vegetation-evcbcs_2005-wms,None
Plains Woodlands or Forests - Semi-arid(non-Eucalypt) - Native Vegetation (EVCBCS_2005) - WMS,https://develop.directory.data.vic.gov.au/dataset/plains-woodlands-or-forests-semi-aridnon-eucalypt-native-vegetation-evcbcs_2005-wms,None
Plains Woodlands or Forests - Lunettes or beach ridges or shallow sands - Native Vegetation ( - WMS,https://develop.directory.data.vic.gov.au/dataset/plains-woodlands-or-forests-lunettes-or-beach-ridges-or-shallow-sands-native-vegetation-wms,None
Plains Woodlands or Forests - Poorly-draining - Native Vegetation (EVCBCS_2005) - WMS,https://develop.directory.data.vic.gov.au/dataset/plains-woodlands-or-forests-poorly-draining-native-vegetation-evcbcs_2005-wms,None
Plains Woodlands or Forests - Freely-draining - Native Vegetation (EVCBCS_2005) - WMS,https://develop.directory.data.vic.gov.au/dataset/plains-woodlands-or-forests-freely-draining-native-vegetation-evcbcs_2005-wms,None
Plains Grasslands and Chenopod Shrublands - Clay soils - Native Vegetation (EVCBCS_2005) - WMS,https://develop.directory.data.vic.gov.au/dataset/plains-grasslands-and-chenopod-shrublands-clay-soils-native-vegetation-evcbcs_2005-wms,None
Sub-alpine Grasslands Shrublands or Woodlands - Woodlands - Native Vegetation (EVCBCS_2005) - WMS,https://develop.directory.data.vic.gov.au/dataset/sub-alpine-grasslands-shrublands-or-woodlands-woodlands-native-vegetation-evcbcs_2005-wms,None
Sub-alpine Grasslands Shrublands or Woodlands - Shrublands or Grasslands - Native Vegetation - WMS,https://develop.directory.data.vic.gov.au/dataset/sub-alpine-grasslands-shrublands-or-woodlands-shrublands-or-grasslands-native-vegetation-wms,None
Montane Grasslands Shrublands or Woodlands - Woodlands - Native Vegetation (EVCBCS_2005) - WMS,https://develop.directory.data.vic.gov.au/dataset/montane-grasslands-shrublands-or-woodlands-woodlands-native-vegetation-evcbcs_2005-wms,None
Montane Grasslands Shrublands or Woodlands - Shrublands or Grasslands - Native Vegetation (E - WMS,https://develop.directory.data.vic.gov.au/dataset/montane-grasslands-shrublands-or-woodlands-shrublands-or-grasslands-native-vegetation-e-wms,None
Rainforests  - Native Vegetation (EVCBCS_2005) - WMS,https://develop.directory.data.vic.gov.au/dataset/rainforests-native-vegetation-evcbcs_2005-wms,None
Riparian Scrubs or Swampy Scrubs and Woodlands  - Native Vegetation (EVCBCS_2005) - WMS,https://develop.directory.data.vic.gov.au/dataset/riparian-scrubs-or-swampy-scrubs-and-woodlands-native-vegetation-evcbcs_2005-wms,None
Wet or Damp Forests - Damp - Native Vegetation (EVCBCS_2005) - WMS,https://develop.directory.data.vic.gov.au/dataset/wet-or-damp-forests-damp-native-vegetation-evcbcs_2005-wms,None
Wet or Damp Forests - Wet - Native Vegetation (EVCBCS_2005) - WMS,https://develop.directory.data.vic.gov.au/dataset/wet-or-damp-forests-wet-native-vegetation-evcbcs_2005-wms,None
Dry Forests - Sheltered and/or higher altitude - Native Vegetation (EVCBCS_2005) - WMS,https://develop.directory.data.vic.gov.au/dataset/dry-forests-sheltered-and-or-higher-altitude-native-vegetation-evcbcs_2005-wms,None
Dry Forests - Exposed and/or lower altitude - Native Vegetation (EVCBCS_2005) - WMS,https://develop.directory.data.vic.gov.au/dataset/dry-forests-exposed-and-or-lower-altitude-native-vegetation-evcbcs_2005-wms,None
Lower Slopes or Hills Woodlands - Herb-rich - Native Vegetation (EVCBCS_2005) - WMS,https://develop.directory.data.vic.gov.au/dataset/lower-slopes-or-hills-woodlands-herb-rich-native-vegetation-evcbcs_2005-wms,None
Lower Slopes or Hills Woodlands - Grassy - Native Vegetation (EVCBCS_2005) - WMS,https://develop.directory.data.vic.gov.au/dataset/lower-slopes-or-hills-woodlands-grassy-native-vegetation-evcbcs_2005-wms,None
Lower Slopes or Hills Woodlands - Seasonally inundated and/or shrubby - Native Vegetation (EV - WMS,https://develop.directory.data.vic.gov.au/dataset/lower-slopes-or-hills-woodlands-seasonally-inundated-and-or-shrubby-native-vegetation-ev-wms,None
Box Ironbark Forests or dry/lower fertility Woodlands  - Native Vegetation (EVCBCS_2005) - WMS,https://develop.directory.data.vic.gov.au/dataset/box-ironbark-forests-or-dry-lower-fertility-woodlands-native-vegetation-evcbcs_2005-wms,None
Lowland Forests  - Native Vegetation (EVCBCS_2005) - WMS,https://develop.directory.data.vic.gov.au/dataset/lowland-forests-native-vegetation-evcbcs_2005-wms,None
Heathy Woodlands - Damp and/or less well-drained - Native Vegetation (EVCBCS_2005) - WMS,https://develop.directory.data.vic.gov.au/dataset/heathy-woodlands-damp-and-or-less-well-drained-native-vegetation-evcbcs_2005-wms,None
Heathy Woodlands - Dry and/or better drained - Native Vegetation (EVCBCS_2005) - WMS,https://develop.directory.data.vic.gov.au/dataset/heathy-woodlands-dry-and-or-better-drained-native-vegetation-evcbcs_2005-wms,None
Coastal Scrubs Grasslands and Woodlands - Native Vegetation (EVCBCS_2005) - WMS,https://develop.directory.data.vic.gov.au/dataset/coastal-scrubs-grasslands-and-woodlands-native-vegetation-evcbcs_2005-wms,None
Bioregional Conservation Status -Least Concern - Native Vegetation (EVCBCS_2005) - WMS,https://develop.directory.data.vic.gov.au/dataset/bioregional-conservation-status-least-concern-native-vegetation-evcbcs_2005-wms,None
Bioregional Conservation Status -Depleted - Native Vegetation (EVCBCS_2005) - WMS,https://develop.directory.data.vic.gov.au/dataset/bioregional-conservation-status-depleted-native-vegetation-evcbcs_2005-wms,None
Bioregional Conservation Status - Rare - Native Vegetation (EVCBCS_2005) - WMS,https://develop.directory.data.vic.gov.au/dataset/bioregional-conservation-status-rare-native-vegetation-evcbcs_2005-wms,None
Bioregional Conservation Status -Vulnerable - Native Vegetation (EVCBCS_2005) - WMS,https://develop.directory.data.vic.gov.au/dataset/bioregional-conservation-status-vulnerable-native-vegetation-evcbcs_2005-wms,None
Bioregional Conservation Status -Endangered - Native Vegetation (EVCBCS_2005) - WMS,https://develop.directory.data.vic.gov.au/dataset/bioregional-conservation-status-endangered-native-vegetation-evcbcs_2005-wms,None
Rocky Outcrop or Escarpment Scrubs - Native Vegetation (EVCBCS_1750) - WMS,https://develop.directory.data.vic.gov.au/dataset/rocky-outcrop-or-escarpment-scrubs-native-vegetation-evcbcs_1750-wms,None
Salt-tolerant and/or succulent Shrublands - Inland - WMS,https://develop.directory.data.vic.gov.au/dataset/salt-tolerant-and-or-succulent-shrublands-inland-wms,None
Salt-tolerant and/or succulent Shrublands - Coastal - WMS,https://develop.directory.data.vic.gov.au/dataset/salt-tolerant-and-or-succulent-shrublands-coastal-wms,None
Wetlands - Brackish/estuarine - WMS,https://develop.directory.data.vic.gov.au/dataset/wetlands-brackish-estuarine-wms,None
Wetlands - Freshwater - WMS,https://develop.directory.data.vic.gov.au/dataset/wetlands-freshwater-wms,None
Mallee - Sandstone ridges and rises - WMS,https://develop.directory.data.vic.gov.au/dataset/mallee-sandstone-ridges-and-rises-wms,None
Mallee - Clay plains - WMS,https://develop.directory.data.vic.gov.au/dataset/mallee-clay-plains-wms,None
Mallee - Calcareous dunefields - WMS,https://develop.directory.data.vic.gov.au/dataset/mallee-calcareous-dunefields-wms,None
Mallee - Siliceous sands - WMS,https://develop.directory.data.vic.gov.au/dataset/mallee-siliceous-sands-wms,None
Heathlands - Sub-alpine - WMS,https://develop.directory.data.vic.gov.au/dataset/heathlands-sub-alpine-wms,None
Heathlands - Not well drained - WMS,https://develop.directory.data.vic.gov.au/dataset/heathlands-not-well-drained-wms,None
Heathlands - Sandy and/or well drained - WMS,https://develop.directory.data.vic.gov.au/dataset/heathlands-sandy-and-or-well-drained-wms,None
Herb-rith Woodlands - Damp Sands - WMS,https://develop.directory.data.vic.gov.au/dataset/herb-rith-woodlands-damp-sands-wms,None
Herb-rith Woodlands - Alluvial terraces and/or creeklines - WMS,https://develop.directory.data.vic.gov.au/dataset/herb-rith-woodlands-alluvial-terraces-and-or-creeklines-wms,None
Riverine Grassy Woodlands or Forests - Creekline and/or swampy - WMS,https://develop.directory.data.vic.gov.au/dataset/riverine-grassy-woodlands-or-forests-creekline-and-or-swampy-wms,None
Riverine Grassy Woodlands or Forests - Broader plain - WMS,https://develop.directory.data.vic.gov.au/dataset/riverine-grassy-woodlands-or-forests-broader-plain-wms,None
Plains Woodlands or Forests - Semi-arid(non-Eucalypt) - WMS,https://develop.directory.data.vic.gov.au/dataset/plains-woodlands-or-forests-semi-aridnon-eucalypt-wms,None
Plains Woodlands or Forests - Lunettes or beach ridges or shallow sands - WMS,https://develop.directory.data.vic.gov.au/dataset/plains-woodlands-or-forests-lunettes-or-beach-ridges-or-shallow-sands-wms,None
Plains Woodlands or Forests - Poorly-draining - WMS,https://develop.directory.data.vic.gov.au/dataset/plains-woodlands-or-forests-poorly-draining-wms,None
Plains Woodlands or Forests - Freely-draining - WMS,https://develop.directory.data.vic.gov.au/dataset/plains-woodlands-or-forests-freely-draining-wms,None
Plains Grasslands and Chenopod Shrublands - Clay soils - WMS,https://develop.directory.data.vic.gov.au/dataset/plains-grasslands-and-chenopod-shrublands-clay-soils-wms,None
Sub-alpine Grasslands Shrublands or Woodlands - Woodlands - WMS,https://develop.directory.data.vic.gov.au/dataset/sub-alpine-grasslands-shrublands-or-woodlands-woodlands-wms,None
Sub-alpine Grasslands Shrublands or Woodlands - Shrublands or Grasslands - WMS,https://develop.directory.data.vic.gov.au/dataset/sub-alpine-grasslands-shrublands-or-woodlands-shrublands-or-grasslands-wms,None
Montane Grasslands Shrublands or Woodlands - Woodlands - WMS,https://develop.directory.data.vic.gov.au/dataset/montane-grasslands-shrublands-or-woodlands-woodlands-wms,None
Montane Grasslands Shrublands or Woodlands - Shrublands or Grasslands - WMS,https://develop.directory.data.vic.gov.au/dataset/montane-grasslands-shrublands-or-woodlands-shrublands-or-grasslands-wms,None
Rainforests - WMS,https://develop.directory.data.vic.gov.au/dataset/rainforests-wms,None
Riparian Forests or Woodlands - WMS,https://develop.directory.data.vic.gov.au/dataset/riparian-forests-or-woodlands-wms,None
Riparian Scrubs or Swampy Scrubs and Woodlands - WMS,https://develop.directory.data.vic.gov.au/dataset/riparian-scrubs-or-swampy-scrubs-and-woodlands-wms,None
Wet or Damp Forests - Damp - WMS,https://develop.directory.data.vic.gov.au/dataset/wet-or-damp-forests-damp-wms,None
Wet or Damp Forests -Wet - WMS,https://develop.directory.data.vic.gov.au/dataset/wet-or-damp-forests-wet-wms,None
Dry Forests - Sheltered and/or higher altitude - WMS,https://develop.directory.data.vic.gov.au/dataset/dry-forests-sheltered-and-or-higher-altitude-wms,None
Dry Forests - Exposed and/or lower altitude - WMS,https://develop.directory.data.vic.gov.au/dataset/dry-forests-exposed-and-or-lower-altitude-wms,None
Lower Slopes or Hills Woodlands - Herb-rich - WMS,https://develop.directory.data.vic.gov.au/dataset/lower-slopes-or-hills-woodlands-herb-rich-wms,None
Lower Slopes or Hills Woodlands - Grassy - WMS,https://develop.directory.data.vic.gov.au/dataset/lower-slopes-or-hills-woodlands-grassy-wms,None
Lower Slopes or Hills Woodlands - Seasonally inundated andjor shrubby - WMS,https://develop.directory.data.vic.gov.au/dataset/lower-slopes-or-hills-woodlands-seasonally-inundated-andjor-shrubby-wms,None
Box Ironbark Forests or dry/lower fertility woodlands - WMS,https://develop.directory.data.vic.gov.au/dataset/box-ironbark-forests-or-dry-lower-fertility-woodlands-wms,None
Lowland Forests - WMS,https://develop.directory.data.vic.gov.au/dataset/lowland-forests-wms,None
Heathy Woodlands - Damp andjor less well-drained - WMS,https://develop.directory.data.vic.gov.au/dataset/heathy-woodlands-damp-andjor-less-well-drained-wms,None
Heathy Woodlands - Dry andjor better drained - WMS,https://develop.directory.data.vic.gov.au/dataset/heathy-woodlands-dry-andjor-better-drained-wms,None
Coastal Scrubs Grasslands and Woodlands - WMS,https://develop.directory.data.vic.gov.au/dataset/coastal-scrubs-grasslands-and-woodlands-wms,None
Estuaries - WMS,https://develop.directory.data.vic.gov.au/dataset/estuaries-wms,None
Wilderness Park -Public Land Management - WMS,https://develop.directory.data.vic.gov.au/dataset/wilderness-park-public-land-management-wms,None
Water Production -Public Land Management - WMS,https://develop.directory.data.vic.gov.au/dataset/water-production-public-land-management-wms,None
Water Body -Public Land Management - WMS,https://develop.directory.data.vic.gov.au/dataset/water-body-public-land-management-wms,None
Uncategorised Public Land -Public Land Management - WMS,https://develop.directory.data.vic.gov.au/dataset/uncategorised-public-land-public-land-management-wms,None
State Park -Public Land Management - WMS,https://develop.directory.data.vic.gov.au/dataset/state-park-public-land-management-wms,None
State Forest -Public Land Management - WMS,https://develop.directory.data.vic.gov.au/dataset/state-forest-public-land-management-wms,None
Services And Utilities -Public Land Management - WMS,https://develop.directory.data.vic.gov.au/dataset/services-and-utilities-public-land-management-wms,None
Regional Park -Public Land Management - WMS,https://develop.directory.data.vic.gov.au/dataset/regional-park-public-land-management-wms,None
Proposed National Parks Act -Public Land Management - WMS,https://develop.directory.data.vic.gov.au/dataset/proposed-national-parks-act-public-land-management-wms,None
Port Coastal Facility -Public Land Management - WMS,https://develop.directory.data.vic.gov.au/dataset/port-coastal-facility-public-land-management-wms,None
Plantation -Public Land Management - WMS,https://develop.directory.data.vic.gov.au/dataset/plantation-public-land-management-wms,None
Other-Public Land Management - WMS,https://develop.directory.data.vic.gov.au/dataset/other-public-land-management-wms,None
NPA Schedule 4 Park Or Reserve -Public Land Management - WMS,https://develop.directory.data.vic.gov.au/dataset/npa-schedule-4-park-or-reserve-public-land-management-wms,None
NPA Schedule 3 Other Park -Public Land Management - WMS,https://develop.directory.data.vic.gov.au/dataset/npa-schedule-3-other-park-public-land-management-wms,None
Nature Conservation Reserve -Public Land Management - WMS,https://develop.directory.data.vic.gov.au/dataset/nature-conservation-reserve-public-land-management-wms,None
Natural Features Reserve -Public Land Management - WMS,https://develop.directory.data.vic.gov.au/dataset/natural-features-reserve-public-land-management-wms,None
National Park -Public Land Management - WMS,https://develop.directory.data.vic.gov.au/dataset/national-park-public-land-management-wms,None
Marine Sanctuary -Public Land Management - WMS,https://develop.directory.data.vic.gov.au/dataset/marine-sanctuary-public-land-management-wms,None
Marine National Park -Public Land Management - WMS,https://develop.directory.data.vic.gov.au/dataset/marine-national-park-public-land-management-wms,None
Historic  Reserve -Public Land Management - WMS,https://develop.directory.data.vic.gov.au/dataset/historic-reserve-public-land-management-wms,None
Forest Park -Public Land Management - WMS,https://develop.directory.data.vic.gov.au/dataset/forest-park-public-land-management-wms,None
Essentially Natural Catchment -Public Land Management - WMS,https://develop.directory.data.vic.gov.au/dataset/essentially-natural-catchment-public-land-management-wms,None
Earth Resources -Public Land Management - WMS,https://develop.directory.data.vic.gov.au/dataset/earth-resources-public-land-management-wms,None
Community Use Area -Public Land Management - WMS,https://develop.directory.data.vic.gov.au/dataset/community-use-area-public-land-management-wms,None
Commonwealth Land -Public Land Management - WMS,https://develop.directory.data.vic.gov.au/dataset/commonwealth-land-public-land-management-wms,None
Coastal Reserve -Public Land Management - WMS,https://develop.directory.data.vic.gov.au/dataset/coastal-reserve-public-land-management-wms,None
Alpine Resort -Public Land Management - WMS,https://develop.directory.data.vic.gov.au/dataset/alpine-resort-public-land-management-wms,None
Public Land Management (PLM25) - WMS,https://develop.directory.data.vic.gov.au/dataset/public-land-management-plm25-wms,None
Groundwater Sites of the Groundwater Management System - WMS,https://develop.directory.data.vic.gov.au/dataset/groundwater-sites-of-the-groundwater-management-system-wms,None
Wilderness Park (Generalised) - Public Land Management - WMS,https://develop.directory.data.vic.gov.au/dataset/wilderness-park-generalised-public-land-management-wms,None
Water Production (Generalised) - Public Land Management - WMS,https://develop.directory.data.vic.gov.au/dataset/water-production-generalised-public-land-management-wms,None
Water Body (Generalised) - Public Land Management - WMS,https://develop.directory.data.vic.gov.au/dataset/water-body-generalised-public-land-management-wms,None
Uncategorised Public Land (Generalised) - Public Land Management - WMS,https://develop.directory.data.vic.gov.au/dataset/uncategorised-public-land-generalised-public-land-management-wms,None
State Park (Generalised) - Public Land Management - WMS,https://develop.directory.data.vic.gov.au/dataset/state-park-generalised-public-land-management-wms,None
State Forest (Generalised) - Public Land Management - WMS,https://develop.directory.data.vic.gov.au/dataset/state-forest-generalised-public-land-management-wms,None
Services And Utilities (Generalised) - Public Land Management - WMS,https://develop.directory.data.vic.gov.au/dataset/services-and-utilities-generalised-public-land-management-wms,None
Regional Park (Generalised) - Public Land Management - WMS,https://develop.directory.data.vic.gov.au/dataset/regional-park-generalised-public-land-management-wms,None
Proposed National Parks Act (Generalised) - Public Land Management - WMS,https://develop.directory.data.vic.gov.au/dataset/proposed-national-parks-act-generalised-public-land-management-wms,None
Port Coastal Facility (Generalised) - Public Land Management - WMS,https://develop.directory.data.vic.gov.au/dataset/port-coastal-facility-generalised-public-land-management-wms,None
Plantation (Generalised) - Public Land Management - WMS,https://develop.directory.data.vic.gov.au/dataset/plantation-generalised-public-land-management-wms,None
Other (Generalised) - Public Land Management - WMS,https://develop.directory.data.vic.gov.au/dataset/other-generalised-public-land-management-wms,None
NPA Schedule 4 Park Or Reserve (Generalised) - Public Land Management - WMS,https://develop.directory.data.vic.gov.au/dataset/npa-schedule-4-park-or-reserve-generalised-public-land-management-wms,None
NPA Schedule 3 Other Park (Generalised) - Public Land Management - WMS,https://develop.directory.data.vic.gov.au/dataset/npa-schedule-3-other-park-generalised-public-land-management-wms,None
Nature Conservation Reserve (Generalised) - Public Land Management - WMS,https://develop.directory.data.vic.gov.au/dataset/nature-conservation-reserve-generalised-public-land-management-wms,None
Natural Features Reserve (Generalised) - Public Land Management - WMS,https://develop.directory.data.vic.gov.au/dataset/natural-features-reserve-generalised-public-land-management-wms,None
National Park (Generalised) - Public Land Management - WMS,https://develop.directory.data.vic.gov.au/dataset/national-park-generalised-public-land-management-wms,None
Marine Sanctuary (Generalised) - Public Land Management - WMS,https://develop.directory.data.vic.gov.au/dataset/marine-sanctuary-generalised-public-land-management-wms,None
Marine National Park (Generalised) - Public Land Management - WMS,https://develop.directory.data.vic.gov.au/dataset/marine-national-park-generalised-public-land-management-wms,None
Historic Reserve (Generalised) - Public Land Management - WMS,https://develop.directory.data.vic.gov.au/dataset/historic-reserve-generalised-public-land-management-wms,None
Forest Park (Generalised) - Public Land Management - WMS,https://develop.directory.data.vic.gov.au/dataset/forest-park-generalised-public-land-management-wms,None
Essentially Natural Catchment (Generalised) - Public Land Management - WMS,https://develop.directory.data.vic.gov.au/dataset/essentially-natural-catchment-generalised-public-land-management-wms,None
Earth Resources (Generalised) - Public Land Management - WMS,https://develop.directory.data.vic.gov.au/dataset/earth-resources-generalised-public-land-management-wms,None
Community Use Area (Generalised) - Public Land Management - WMS,https://develop.directory.data.vic.gov.au/dataset/community-use-area-generalised-public-land-management-wms,None
Commonwealth Land (Generalised) - Public Land Management - WMS,https://develop.directory.data.vic.gov.au/dataset/commonwealth-land-generalised-public-land-management-wms,None
Coastal Reserve (Generalised) - Public Land Management - WMS,https://develop.directory.data.vic.gov.au/dataset/coastal-reserve-generalised-public-land-management-wms,None
Alpine Resort (Generalised) - Public Land Management - WMS,https://develop.directory.data.vic.gov.au/dataset/alpine-resort-generalised-public-land-management-wms,None
Ramsar Wetland Areas in Victoria at 1:25 000 - WMS,https://develop.directory.data.vic.gov.au/dataset/ramsar-wetland-areas-in-victoria-at-1-25-000-wms,None
Syphon - Flood Height Measurement Structures - WMS,https://develop.directory.data.vic.gov.au/dataset/syphon-flood-height-measurement-structures-wms,None
Road Bridge - Flood Height Measurement Structures - WMS,https://develop.directory.data.vic.gov.au/dataset/road-bridge-flood-height-measurement-structures-wms,None
Retarding Basin - Flood Height Measurement Structures - WMS,https://develop.directory.data.vic.gov.au/dataset/retarding-basin-flood-height-measurement-structures-wms,None
Railway Bridge - Flood Height Measurement Structures - WMS,https://develop.directory.data.vic.gov.au/dataset/railway-bridge-flood-height-measurement-structures-wms,None
Other Bridge - Flood Height Measurement Structures - WMS,https://develop.directory.data.vic.gov.au/dataset/other-bridge-flood-height-measurement-structures-wms,None
Occupation Crossing - Flood Height Measurement Structures - WMS,https://develop.directory.data.vic.gov.au/dataset/occupation-crossing-flood-height-measurement-structures-wms,None
Flood Regulator - Flood Height Measurement Structures - WMS,https://develop.directory.data.vic.gov.au/dataset/flood-regulator-flood-height-measurement-structures-wms,None
Flood Effluet Structure - Flood Height Measurement Structures - WMS,https://develop.directory.data.vic.gov.au/dataset/flood-effluet-structure-flood-height-measurement-structures-wms,None
Drain Regulator - Flood Height Measurement Structures - WMS,https://develop.directory.data.vic.gov.au/dataset/drain-regulator-flood-height-measurement-structures-wms,None
Drain Outfall Structure - Flood Height Measurement Structures - WMS,https://develop.directory.data.vic.gov.au/dataset/drain-outfall-structure-flood-height-measurement-structures-wms,None
Dam or Reservoir - Flood Height Measurement Structures - WMS,https://develop.directory.data.vic.gov.au/dataset/dam-or-reservoir-flood-height-measurement-structures-wms,None
Culvert - Flood Height Measurement Structures - WMS,https://develop.directory.data.vic.gov.au/dataset/culvert-flood-height-measurement-structures-wms,None
Channel Regulator - Flood Height Measurement Structures - WMS,https://develop.directory.data.vic.gov.au/dataset/channel-regulator-flood-height-measurement-structures-wms,None
Weir - Flood Height Measurement Structures - WMS,https://develop.directory.data.vic.gov.au/dataset/weir-flood-height-measurement-structures-wms,None
Channel Outfall Structure - Flood Height Measurement Structures - WMS,https://develop.directory.data.vic.gov.au/dataset/channel-outfall-structure-flood-height-measurement-structures-wms,None
Road Embankment - Flood Height Measurement Structures - WMS,https://develop.directory.data.vic.gov.au/dataset/road-embankment-flood-height-measurement-structures-wms,None
Victoria Flood Database - Probable Maximum Flood Extent - WMS,https://develop.directory.data.vic.gov.au/dataset/victoria-flood-database-probable-maximum-flood-extent-wms,None
Victoria Flood Database - Statistical extents for 1 to 1000 years flood - WMS,https://develop.directory.data.vic.gov.au/dataset/victoria-flood-database-statistical-extents-for-1-to-1000-years-flood-wms,None
Victoria Flood Database - Statistical extents for 1 to 500 years floods - WMS,https://develop.directory.data.vic.gov.au/dataset/victoria-flood-database-statistical-extents-for-1-to-500-years-floods-wms,None
Victoria Flood Database - Statistical extents for 1 to 200 years floods - WMS,https://develop.directory.data.vic.gov.au/dataset/victoria-flood-database-statistical-extents-for-1-to-200-years-floods-wms,None
Victoria Flood Database - Statistical extents for 1 to 100 years floods - WMS,https://develop.directory.data.vic.gov.au/dataset/victoria-flood-database-statistical-extents-for-1-to-100-years-floods-wms,None
Victoria Flood Database - Statistical extents for 1 to 30 years floods - WMS,https://develop.directory.data.vic.gov.au/dataset/victoria-flood-database-statistical-extents-for-1-to-30-years-floods-wms,None
Victoria Flood Database - Statistical Extents for 1 to 10 years floods - WMS,https://develop.directory.data.vic.gov.au/dataset/victoria-flood-database-statistical-extents-for-1-to-10-years-floods-wms,None
Victoria Flood Database - Statistical extents for 1 to 5 years floods - WMS,https://develop.directory.data.vic.gov.au/dataset/victoria-flood-database-statistical-extents-for-1-to-5-years-floods-wms,None
Victoria Flood Database - Flood Flow Directions - WMS,https://develop.directory.data.vic.gov.au/dataset/victoria-flood-database-flood-flow-directions-wms,None
Victoria Flood Database - Flood Height Contours 500 years - WMS,https://develop.directory.data.vic.gov.au/dataset/victoria-flood-database-flood-height-contours-500-years-wms,None
Victoria Flood Database - Flood Height Contours 200 year - WMS,https://develop.directory.data.vic.gov.au/dataset/victoria-flood-database-flood-height-contours-200-year-wms,None
Victoria Flood Database - Flood Height Contours 100  year - WMS,https://develop.directory.data.vic.gov.au/dataset/victoria-flood-database-flood-height-contours-100-year-wms,None
Victoria Flood Database - Flood Height Contour 50 year - WMS,https://develop.directory.data.vic.gov.au/dataset/victoria-flood-database-flood-height-contour-50-year-wms,None
Victoria Flood Database - Flood Height Contour 20 year - WMS,https://develop.directory.data.vic.gov.au/dataset/victoria-flood-database-flood-height-contour-20-year-wms,None
Victoria Flood Database - Flood Height Contours 10 year - WMS,https://develop.directory.data.vic.gov.au/dataset/victoria-flood-database-flood-height-contours-10-year-wms,None
Victoria Flood Database - Flood Height Contours 5 year - WMS,https://develop.directory.data.vic.gov.au/dataset/victoria-flood-database-flood-height-contours-5-year-wms,None
Designated Bushfire Prone Area (BPA) - WMS,https://develop.directory.data.vic.gov.au/dataset/designated-bushfire-prone-area-bpa-wms,None
Public Land Management Overlay - Heritage River - WMS,https://develop.directory.data.vic.gov.au/dataset/public-land-management-overlay-heritage-river-wms,None
Public Land Management Overlay - Remote and Natural Catchment Areas - WMS,https://develop.directory.data.vic.gov.au/dataset/public-land-management-overlay-remote-and-natural-catchment-areas-wms,None
Public Land Management Overlay - Reference Areas - WMS,https://develop.directory.data.vic.gov.au/dataset/public-land-management-overlay-reference-areas-wms,None
Public Land Management Overlay - Remote and Natural Areas - WMS,https://develop.directory.data.vic.gov.au/dataset/public-land-management-overlay-remote-and-natural-areas-wms,None
Public Land Management Overlay - Wilderness Zone - WMS,https://develop.directory.data.vic.gov.au/dataset/public-land-management-overlay-wilderness-zone-wms,None
Public Land Management - Overlays  (PLM25) - WMS,https://develop.directory.data.vic.gov.au/dataset/public-land-management-overlays-plm25-wms,None
Sea Level Rise 2009 (0cm) - WMS,https://develop.directory.data.vic.gov.au/dataset/sea-level-rise-2009-0cm-wms,None
Sea Level Rise 2009 StormTide (0cm) - WMS,https://develop.directory.data.vic.gov.au/dataset/sea-level-rise-2009-stormtide-0cm-wms,None
Sea Level Rise 2040 (20cm) - WMS,https://develop.directory.data.vic.gov.au/dataset/sea-level-rise-2040-20cm-wms,None
Sea Level Rise 2070 (47cm) - WMS,https://develop.directory.data.vic.gov.au/dataset/sea-level-rise-2070-47cm-wms,None
Sea Level Rise 2100  (82cm) - WMS,https://develop.directory.data.vic.gov.au/dataset/sea-level-rise-2100-82cm-wms,None
Sea Level Rise 2070 StormTide (47cm) - WMS,https://develop.directory.data.vic.gov.au/dataset/sea-level-rise-2070-stormtide-47cm-wms,None
Sea Level Rise 2100 StormTide (82cm) - WMS,https://develop.directory.data.vic.gov.au/dataset/sea-level-rise-2100-stormtide-82cm-wms,None
Parks and Conservation Reserves (PARKRES) - WMS,https://develop.directory.data.vic.gov.au/dataset/parks-and-conservation-reserves-parkres-wms,None
Baseflow Separation Analysis for Unregulated Rivers (1889 to 2012) - WMS,https://develop.directory.data.vic.gov.au/dataset/baseflow-separation-analysis-for-unregulated-rivers-1889-to-2012-wms,None
Groundwater Catchments (GC) - WMS,https://develop.directory.data.vic.gov.au/dataset/groundwater-catchments-gc-wms,None
Priority Rivers based on the Index of Stream Condition - WMS,https://develop.directory.data.vic.gov.au/dataset/priority-rivers-based-on-the-index-of-stream-condition-wms,None
FLOWS Assessed River Reaches - WMS,https://develop.directory.data.vic.gov.au/dataset/flows-assessed-river-reaches-wms,None
Chloride Sampled GMS Bore Locations - WMS,https://develop.directory.data.vic.gov.au/dataset/chloride-sampled-gms-bore-locations-wms,None
Groundwater-Surface Water Interaction - WMS,https://develop.directory.data.vic.gov.au/dataset/groundwater-surface-water-interaction-wms,None
Sustainable Diversion Limit (SDL) Catchment Baseflows - WMS,https://develop.directory.data.vic.gov.au/dataset/sustainable-diversion-limit-sdl-catchment-baseflows-wms,None
All Basement Bores - WMS,https://develop.directory.data.vic.gov.au/dataset/all-basement-bores-wms,None
Bedrock Bore Free Air (FA) gravity - WMS,https://develop.directory.data.vic.gov.au/dataset/bedrock-bore-free-air-fa-gravity-wms,None
Sediment Bores Free Air (FA) gravity - WMS,https://develop.directory.data.vic.gov.au/dataset/sediment-bores-free-air-fa-gravity-wms,None
Volcanic Bore Free Air (FA) gravity - WMS,https://develop.directory.data.vic.gov.au/dataset/volcanic-bore-free-air-fa-gravity-wms,None
Aquifer Salinity - Bedrock - WMS,https://develop.directory.data.vic.gov.au/dataset/aquifer-salinity-bedrock-wms,None
Aquifer Salinity - Basal - WMS,https://develop.directory.data.vic.gov.au/dataset/aquifer-salinity-basal-wms,None
Aquifer Salinity - Shallow - WMS,https://develop.directory.data.vic.gov.au/dataset/aquifer-salinity-shallow-wms,None
Lineaments interpreted from Radiometric Data - WMS,https://develop.directory.data.vic.gov.au/dataset/lineaments-interpreted-from-radiometric-data-wms,None
Lineaments interpreted from Gravity Data - WMS,https://develop.directory.data.vic.gov.au/dataset/lineaments-interpreted-from-gravity-data-wms,None
Lineaments interpreted from Total Magnetic Intensity (TMI) data - WMS,https://develop.directory.data.vic.gov.au/dataset/lineaments-interpreted-from-total-magnetic-intensity-tmi-data-wms,None
Potential Impact of Geological Structures on Groundwater Flow Systems - WMS,https://develop.directory.data.vic.gov.au/dataset/potential-impact-of-geological-structures-on-groundwater-flow-systems-wms,None
Interpreted Faults Wangerrip Group Otway Basin - WMS,https://develop.directory.data.vic.gov.au/dataset/interpreted-faults-wangerrip-group-otway-basin-wms,None
Interpreted Faults Top Strzelecki Group Gippsland Basin - WMS,https://develop.directory.data.vic.gov.au/dataset/interpreted-faults-top-strzelecki-group-gippsland-basin-wms,None
Interpreted Faults Latrobe Group Gippsland Basin - WMS,https://develop.directory.data.vic.gov.au/dataset/interpreted-faults-latrobe-group-gippsland-basin-wms,None
Interpreted Faults Top Golden Beach Formation Gippsland Basin - WMS,https://develop.directory.data.vic.gov.au/dataset/interpreted-faults-top-golden-beach-formation-gippsland-basin-wms,None
Interpreted Faults North-West Murray Basin - WMS,https://develop.directory.data.vic.gov.au/dataset/interpreted-faults-north-west-murray-basin-wms,None
Permian Geological Basement Goulburn-Murray Area - WMS,https://develop.directory.data.vic.gov.au/dataset/permian-geological-basement-goulburn-murray-area-wms,None
Geological Structures Goulburn-Murray Area - WMS,https://develop.directory.data.vic.gov.au/dataset/geological-structures-goulburn-murray-area-wms,None
Deepest Sediment Trendline Goulburn Murray Area - WMS,https://develop.directory.data.vic.gov.au/dataset/deepest-sediment-trendline-goulburn-murray-area-wms,None
Geological Structures Ovens Valley - WMS,https://develop.directory.data.vic.gov.au/dataset/geological-structures-ovens-valley-wms,None
Modified Rivers - WMS,https://develop.directory.data.vic.gov.au/dataset/modified-rivers-wms,None
Spring Locations - WMS,https://develop.directory.data.vic.gov.au/dataset/spring-locations-wms,None
Farm Dam Boundaries - WMS,https://develop.directory.data.vic.gov.au/dataset/farm-dam-boundaries-wms,None
Farm Dam Points - WMS,https://develop.directory.data.vic.gov.au/dataset/farm-dam-points-wms,None
Rural Water Corporation Boundaries - WMS,https://develop.directory.data.vic.gov.au/dataset/rural-water-corporation-boundaries-wms,None
Urban Water Corporation Boundaries - WMS,https://develop.directory.data.vic.gov.au/dataset/urban-water-corporation-boundaries-wms,None
Survey Control Mark Information - WMS,https://develop.directory.data.vic.gov.au/dataset/survey-control-mark-information-wms,None
VicForests Allocation April 2019 - WMS,https://develop.directory.data.vic.gov.au/dataset/vicforests-allocation-april-2019-wms,None
Beach Natural Features - WMS,https://develop.directory.data.vic.gov.au/dataset/beach-natural-features-wms,None
Designated Water Supply Catchments - WMS,https://develop.directory.data.vic.gov.au/dataset/designated-water-supply-catchments-wms,None
Sustainable Diversion Limits - WMS,https://develop.directory.data.vic.gov.au/dataset/sustainable-diversion-limits-wms,None
Index of Stream Condition - WMS,https://develop.directory.data.vic.gov.au/dataset/index-of-stream-condition-wms,None
Irrigation District - WMS,https://develop.directory.data.vic.gov.au/dataset/irrigation-district-wms,None
Beneficial Use - Lower Tertiary - WMS,https://develop.directory.data.vic.gov.au/dataset/beneficial-use-lower-tertiary-wms,None
Beneficial Use - Middle Tertiary - WMS,https://develop.directory.data.vic.gov.au/dataset/beneficial-use-middle-tertiary-wms,None
Beneficial Use - Upper Tertiary - WMS,https://develop.directory.data.vic.gov.au/dataset/beneficial-use-upper-tertiary-wms,None
Beneficial Use - Watertable - WMS,https://develop.directory.data.vic.gov.au/dataset/beneficial-use-watertable-wms,None
Groundwater-Surface Water Interaction Flux - WMS,https://develop.directory.data.vic.gov.au/dataset/groundwater-surface-water-interaction-flux-wms,None
Groundwater Resources - WMS,https://develop.directory.data.vic.gov.au/dataset/groundwater-resources-wms,None
Victorian Railway Corridors - WMS,https://develop.directory.data.vic.gov.au/dataset/victorian-railway-corridors-wms,None
Victorian Tourist/Heritage Railway Corridors - WMS,https://develop.directory.data.vic.gov.au/dataset/victorian-tourist-heritage-railway-corridors-wms,None
Victorian Railway Stations - WMS,https://develop.directory.data.vic.gov.au/dataset/victorian-railway-stations-wms,None
Victorian Disused and Historic Railway Corridors - WMS,https://develop.directory.data.vic.gov.au/dataset/victorian-disused-and-historic-railway-corridors-wms,None
Victorian Rail Trails (recreation trails) - WMS,https://develop.directory.data.vic.gov.au/dataset/victorian-rail-trails-recreation-trails-wms,None
Principal Public Transport Network (PPTN) Point Elements - WMS,https://develop.directory.data.vic.gov.au/dataset/principal-public-transport-network-pptn-point-elements-wms,None
Seismic Survey Points - for Petroleum Industry Exploration - WMS,https://develop.directory.data.vic.gov.au/dataset/seismic-survey-points-for-petroleum-industry-exploration-wms,None
Seismic Survey Lines  - for Petroleum Industry Exploration - WMS,https://develop.directory.data.vic.gov.au/dataset/seismic-survey-lines-for-petroleum-industry-exploration-wms,None
2010 Index of Stream Condition - Top of Bank line features - WMS,https://develop.directory.data.vic.gov.au/dataset/2010-index-of-stream-condition-top-of-bank-line-features-wms,None
2010 Index of Stream Condition - Bank Full Width Reach polygon features - WMS,https://develop.directory.data.vic.gov.au/dataset/2010-index-of-stream-condition-bank-full-width-reach-polygon-features-wms,None
2010 Index of Stream Condition - Toe of Bank line features - WMS,https://develop.directory.data.vic.gov.au/dataset/2010-index-of-stream-condition-toe-of-bank-line-features-wms,None
2010 Index of Stream Condition - Channel Transect line features - WMS,https://develop.directory.data.vic.gov.au/dataset/2010-index-of-stream-condition-channel-transect-line-features-wms,None
2010 Index of Stream Condition - Fragmentation polygon features - WMS,https://develop.directory.data.vic.gov.au/dataset/2010-index-of-stream-condition-fragmentation-polygon-features-wms,None
2010 Index of Stream Condition - Large Trees polygon features - WMS,https://develop.directory.data.vic.gov.au/dataset/2010-index-of-stream-condition-large-trees-polygon-features-wms,None
2010 Index of Stream Condition - Vegetation Overhang polygon features - WMS,https://develop.directory.data.vic.gov.au/dataset/2010-index-of-stream-condition-vegetation-overhang-polygon-features-wms,None
2010 Index of Stream Condition - Water Body polygon features - WMS,https://develop.directory.data.vic.gov.au/dataset/2010-index-of-stream-condition-water-body-polygon-features-wms,None
2010 Index of Stream Condition - Vegetation Width line features - WMS,https://develop.directory.data.vic.gov.au/dataset/2010-index-of-stream-condition-vegetation-width-line-features-wms,None
2010 Index of Stream Condition - Bare Ground polygon features - WMS,https://develop.directory.data.vic.gov.au/dataset/2010-index-of-stream-condition-bare-ground-polygon-features-wms,None
Potential Groundwater Dependent Ecosystem (GDE) Mapping for the Corangamite CMA - WMS,https://develop.directory.data.vic.gov.au/dataset/potential-groundwater-dependent-ecosystem-gde-mapping-for-the-corangamite-cma-wms,None
Potential Groundwater Dependent Ecosystem (GDE) Mapping for the East Gippsland CMA - WMS,https://develop.directory.data.vic.gov.au/dataset/potential-groundwater-dependent-ecosystem-gde-mapping-for-the-east-gippsland-cma-wms,None
Potential Groundwater Dependent Ecosystem (GDE) Mapping for the Goulburn Broken CMA - WMS,https://develop.directory.data.vic.gov.au/dataset/potential-groundwater-dependent-ecosystem-gde-mapping-for-the-goulburn-broken-cma-wms,None
Potential Groundwater Dependent Ecosystem (GDE) Mapping for the Glenelg Hopkins CMA - WMS,https://develop.directory.data.vic.gov.au/dataset/potential-groundwater-dependent-ecosystem-gde-mapping-for-the-glenelg-hopkins-cma-wms,None
Potential Groundwater Dependent Ecosystem (GDE) Mapping for the Mallee CMA - WMS,https://develop.directory.data.vic.gov.au/dataset/potential-groundwater-dependent-ecosystem-gde-mapping-for-the-mallee-cma-wms,None
Potential Groundwater Dependent Ecosystem (GDE) Mapping for the North Central CMA - WMS,https://develop.directory.data.vic.gov.au/dataset/potential-groundwater-dependent-ecosystem-gde-mapping-for-the-north-central-cma-wms,None
Potential Groundwater Dependent Ecosystem (GDE) Mapping for the North East CMA - WMS,https://develop.directory.data.vic.gov.au/dataset/potential-groundwater-dependent-ecosystem-gde-mapping-for-the-north-east-cma-wms,None
Potential Groundwater Dependent Ecosystem (GDE) Mapping for the Port Phillip and Westernport  - WMS,https://develop.directory.data.vic.gov.au/dataset/potential-groundwater-dependent-ecosystem-gde-mapping-for-the-port-phillip-and-westernport-wms,None
Potential Groundwater Dependent Ecosystem (GDE) Mapping for the Wimmera CMA - WMS,https://develop.directory.data.vic.gov.au/dataset/potential-groundwater-dependent-ecosystem-gde-mapping-for-the-wimmera-cma-wms,None
Potential Groundwater Dependent Ecosystem (GDE) Mapping for the West Gippsland CMA - WMS,https://develop.directory.data.vic.gov.au/dataset/potential-groundwater-dependent-ecosystem-gde-mapping-for-the-west-gippsland-cma-wms,None
PTV Train Corridor Centreline - WMS,https://develop.directory.data.vic.gov.au/dataset/ptv-train-corridor-centreline-wms,None
PTV Train Track Centreline - WMS,https://develop.directory.data.vic.gov.au/dataset/ptv-train-track-centreline-wms,None
PTV Tram Track Centreline - WMS,https://develop.directory.data.vic.gov.au/dataset/ptv-tram-track-centreline-wms,None
PTV Train Station Platforms - WMS,https://develop.directory.data.vic.gov.au/dataset/ptv-train-station-platforms-wms,None
PTV Train Station Car Park - WMS,https://develop.directory.data.vic.gov.au/dataset/ptv-train-station-car-park-wms,None
PTV Train Station Bike Storage - WMS,https://develop.directory.data.vic.gov.au/dataset/ptv-train-station-bike-storage-wms,None
PTV Metro Bus Routes - WMS,https://develop.directory.data.vic.gov.au/dataset/ptv-metro-bus-routes-wms,None
PTV Regional Bus Routes - WMS,https://develop.directory.data.vic.gov.au/dataset/ptv-regional-bus-routes-wms,None
PTV Regional Coach Routes (V/Line) - WMS,https://develop.directory.data.vic.gov.au/dataset/ptv-regional-coach-routes-v-line-wms,None
PTV SkyBus Routes (Airport Service) - WMS,https://develop.directory.data.vic.gov.au/dataset/ptv-skybus-routes-airport-service-wms,None
PTV Night Bus Routes - WMS,https://develop.directory.data.vic.gov.au/dataset/ptv-night-bus-routes-wms,None
PTV Metro Tram Routes - WMS,https://develop.directory.data.vic.gov.au/dataset/ptv-metro-tram-routes-wms,None
PTV Metro Bus Stops - WMS,https://develop.directory.data.vic.gov.au/dataset/ptv-metro-bus-stops-wms,None
PTV Regional Bus Stops - WMS,https://develop.directory.data.vic.gov.au/dataset/ptv-regional-bus-stops-wms,None
PTV Regional Coach Stops - WMS,https://develop.directory.data.vic.gov.au/dataset/ptv-regional-coach-stops-wms,None
PTV SkyBus Stops - WMS,https://develop.directory.data.vic.gov.au/dataset/ptv-skybus-stops-wms,None
PTV Night Bus Stops - WMS,https://develop.directory.data.vic.gov.au/dataset/ptv-night-bus-stops-wms,None
PTV Metro Tram Stops - WMS,https://develop.directory.data.vic.gov.au/dataset/ptv-metro-tram-stops-wms,None
PTV Regional Train Stations - WMS,https://develop.directory.data.vic.gov.au/dataset/ptv-regional-train-stations-wms,None
PTV Metro Train Stations - WMS,https://develop.directory.data.vic.gov.au/dataset/ptv-metro-train-stations-wms,None
Map of Victoria with locations of swooping birds populated by the public - WMS,https://develop.directory.data.vic.gov.au/dataset/map-of-victoria-with-locations-of-swooping-birds-populated-by-the-public-wms,None
Planning scheme zones - Vicmap Planning - WMS,https://develop.directory.data.vic.gov.au/dataset/planning-scheme-zones-vicmap-planning-wms,None
Planning scheme overlay - Vicmap Planning - WMS,https://develop.directory.data.vic.gov.au/dataset/planning-scheme-overlay-vicmap-planning-wms,None
Planning scheme Urban Growth Boundary - Vicmap Planning - WMS,https://develop.directory.data.vic.gov.au/dataset/planning-scheme-urban-growth-boundary-vicmap-planning-wms,None
Planning scheme codelist - Vicmap Planning - WMS,https://develop.directory.data.vic.gov.au/dataset/planning-scheme-codelist-vicmap-planning-wms,None
Planning scheme Urban Growth Area - Vicmap Planning - WMS,https://develop.directory.data.vic.gov.au/dataset/planning-scheme-urban-growth-area-vicmap-planning-wms,None
EPA Victoria Groundwater Quality Restriction Use Zones (GQRUZ) - Location Points - WMS,https://develop.directory.data.vic.gov.au/dataset/epa-victoria-groundwater-quality-restriction-use-zones-gqruz-location-points-wms,None
EPA Victoria Groundwater Quality Restriction Use Zones (GQRUZ) - Location Polygons - WMS,https://develop.directory.data.vic.gov.au/dataset/epa-victoria-groundwater-quality-restriction-use-zones-gqruz-location-polygons-wms,None
EPA Victoria Victorian Landfill Register (VLR) - Location Points - WMS,https://develop.directory.data.vic.gov.au/dataset/epa-victoria-victorian-landfill-register-vlr-location-points-wms,None
EPA Victoria Victorian Landfill Register (VLR) - Location Polygons - WMS,https://develop.directory.data.vic.gov.au/dataset/epa-victoria-victorian-landfill-register-vlr-location-polygons-wms,None
EPA Victoria Environmental Audit Reports - Location Points - WMS,https://develop.directory.data.vic.gov.au/dataset/epa-victoria-environmental-audit-reports-location-points-wms,None
EPA Victoria Environmental Audit Reports - Location Polygons - WMS,https://develop.directory.data.vic.gov.au/dataset/epa-victoria-environmental-audit-reports-location-polygons-wms,None
Historical Business Listings from Sands & McDougall directories - WMS,https://develop.directory.data.vic.gov.au/dataset/historical-business-listings-from-sands-mcdougall-directories-wms,None
EPA Victoria Priority Sites Register (PSR) - Location Points - WMS,https://develop.directory.data.vic.gov.au/dataset/epa-victoria-priority-sites-register-psr-location-points-wms,None
EPA Victoria Priority Sites Register (PSR) - Location Polygons - WMS,https://develop.directory.data.vic.gov.au/dataset/epa-victoria-priority-sites-register-psr-location-polygons-wms,None
EPA Victoria Licence - Location Points - WMS,https://develop.directory.data.vic.gov.au/dataset/epa-victoria-licence-location-points-wms,None
EPA Victoria Licence - Location Polygons - WMS,https://develop.directory.data.vic.gov.au/dataset/epa-victoria-licence-location-polygons-wms,None
Steer Clear areas in Port Phillip - WMS,https://develop.directory.data.vic.gov.au/dataset/steer-clear-areas-in-port-phillip-wms,None
Structural Vegetation (1995) - WMS,https://develop.directory.data.vic.gov.au/dataset/structural-vegetation-1995-wms,None
Victorian Biodiversity Atlas Restricted Records - 1 minute grid - WMS,https://develop.directory.data.vic.gov.au/dataset/victorian-biodiversity-atlas-restricted-records-1-minute-grid-wms,None
